"Wavelength","Reflectance","status"
349.988087237,0.419116582709119,"Fresh"
350.988087237,0.413739874406763,"Fresh"
351.988087237,0.39706592839661,"Fresh"
352.988087237,0.387151877579041,"Fresh"
353.988087237,0.384825421226177,"Fresh"
354.988087237,0.371241311834407,"Fresh"
355.988087237,0.358353497133247,"Fresh"
356.988087237,0.355953107493549,"Fresh"
357.988087237,0.36000044296588,"Fresh"
358.988087237,0.343745921278536,"Fresh"
359.988087237,0.332344328350133,"Fresh"
360.988087237,0.327191078926782,"Fresh"
361.988087237,0.323007595729053,"Fresh"
362.988087237,0.319038087668902,"Fresh"
363.988087237,0.312229438055549,"Fresh"
364.988087237,0.30221110641023,"Fresh"
365.988087237,0.289882433285222,"Fresh"
366.988087237,0.273595172125838,"Fresh"
367.988087237,0.264051520381087,"Fresh"
368.988087237,0.260055118031431,"Fresh"
369.988087237,0.249975602228563,"Fresh"
370.988087237,0.239058031470035,"Fresh"
371.988087237,0.228686211928576,"Fresh"
372.988087237,0.220143110657291,"Fresh"
373.988087237,0.216134747289715,"Fresh"
374.988087237,0.212473962718027,"Fresh"
375.988087237,0.205362871661047,"Fresh"
376.988087237,0.193822070347578,"Fresh"
377.988087237,0.184741107987453,"Fresh"
378.988087237,0.178048327361569,"Fresh"
379.988087237,0.171825954198143,"Fresh"
380.988087237,0.16374010443606,"Fresh"
381.988087237,0.155456761808406,"Fresh"
382.988087237,0.14724795593065,"Fresh"
383.988087237,0.139410887530701,"Fresh"
384.988087237,0.132446202206437,"Fresh"
385.988087237,0.122389046918221,"Fresh"
386.988087237,0.112694263837393,"Fresh"
387.988087237,0.105593184599359,"Fresh"
388.988087237,0.0976487407083752,"Fresh"
389.988087237,0.0925612532299693,"Fresh"
390.988087237,0.0882813995202431,"Fresh"
391.988087237,0.0820520144252629,"Fresh"
392.988087237,0.0766607969545662,"Fresh"
393.988087237,0.0726858972898092,"Fresh"
394.988087237,0.0698593138026848,"Fresh"
395.988087237,0.0674312393334491,"Fresh"
396.988087237,0.0659060815319666,"Fresh"
397.988087237,0.064628145688694,"Fresh"
398.988087237,0.0631033492810412,"Fresh"
399.988087237,0.0612689989388041,"Fresh"
400.988087237,0.0601557281818225,"Fresh"
401.988087237,0.0592255290736013,"Fresh"
402.988087237,0.0578833611077137,"Fresh"
403.988087237,0.0569687716176907,"Fresh"
404.988087237,0.0568371153171182,"Fresh"
405.988087237,0.0567955429396832,"Fresh"
406.988087237,0.0557366030513262,"Fresh"
407.988087237,0.0546935833130926,"Fresh"
408.988087237,0.0542196174305285,"Fresh"
409.988087237,0.0542375461244183,"Fresh"
410.988087237,0.0539528497783908,"Fresh"
411.988087237,0.0533060199582976,"Fresh"
412.988087237,0.0531469390932674,"Fresh"
413.988087237,0.0538127575593414,"Fresh"
414.988087237,0.0535139837995781,"Fresh"
415.988087237,0.0534712483786587,"Fresh"
416.988087237,0.0536273660713334,"Fresh"
417.988087237,0.0534200945246729,"Fresh"
418.988087237,0.0535134495343865,"Fresh"
419.988087237,0.0533787195455502,"Fresh"
420.988087237,0.0529603243169388,"Fresh"
421.988087237,0.0528135978924649,"Fresh"
422.988087237,0.0530313522101248,"Fresh"
423.988087237,0.0531466562752096,"Fresh"
424.988087237,0.0529180193221149,"Fresh"
425.988087237,0.0529439560047616,"Fresh"
426.988087237,0.0529827474832494,"Fresh"
427.988087237,0.0528570484010135,"Fresh"
428.988087237,0.0525167243496169,"Fresh"
429.988087237,0.0524710542307825,"Fresh"
430.988087237,0.0524321118605114,"Fresh"
431.988087237,0.0523223066586954,"Fresh"
432.988087237,0.0523156469691389,"Fresh"
433.988087237,0.0520474603341411,"Fresh"
434.988087237,0.0517501082439134,"Fresh"
435.988087237,0.051644556624766,"Fresh"
436.988087237,0.0516607482523177,"Fresh"
437.988087237,0.051887326057603,"Fresh"
438.988087237,0.0520788913750787,"Fresh"
439.988087237,0.0519586996003631,"Fresh"
440.988087237,0.0518083776822286,"Fresh"
441.988087237,0.0517126716242078,"Fresh"
442.988087237,0.0516658071273646,"Fresh"
443.988087237,0.0515954941118529,"Fresh"
444.988087237,0.0516874891069307,"Fresh"
445.988087237,0.0517502942832031,"Fresh"
446.988087237,0.0516806526428303,"Fresh"
447.988087237,0.0517483486744317,"Fresh"
448.988087237,0.05174379597856,"Fresh"
449.988087237,0.0517376364963406,"Fresh"
450.988087237,0.0518623699079017,"Fresh"
451.988087237,0.0519234566174006,"Fresh"
452.988087237,0.0519748501135234,"Fresh"
453.988087237,0.0520411146462577,"Fresh"
454.988087237,0.0520978926560435,"Fresh"
455.988087237,0.0521045484429866,"Fresh"
456.988087237,0.0521105680402047,"Fresh"
457.988087237,0.0521605820793723,"Fresh"
458.988087237,0.0522527887865624,"Fresh"
459.988087237,0.0522536208706967,"Fresh"
460.988087237,0.0522062893928659,"Fresh"
461.988087237,0.0522145633894481,"Fresh"
462.988087237,0.0521858968147192,"Fresh"
463.988087237,0.0521605545636845,"Fresh"
464.988087237,0.052163730389548,"Fresh"
465.988087237,0.0521907889689816,"Fresh"
466.988087237,0.0522261585136022,"Fresh"
467.988087237,0.0522277460776844,"Fresh"
468.988087237,0.0522186753627159,"Fresh"
469.988087237,0.0524506347873919,"Fresh"
470.988087237,0.0524864149721076,"Fresh"
471.988087237,0.0523912651279881,"Fresh"
472.988087237,0.0524471898496384,"Fresh"
473.988087237,0.0523880256748056,"Fresh"
474.988087237,0.0523387201840302,"Fresh"
475.988087237,0.0524050930070262,"Fresh"
476.988087237,0.0526192837203049,"Fresh"
477.988087237,0.0526787042979464,"Fresh"
478.988087237,0.052639873176893,"Fresh"
479.988087237,0.0526421186446531,"Fresh"
480.988087237,0.0527489176125037,"Fresh"
481.988087237,0.052894262239767,"Fresh"
482.988087237,0.0529977176849322,"Fresh"
483.988087237,0.0530030820429328,"Fresh"
484.988087237,0.053142964869654,"Fresh"
485.988087237,0.0532909038609001,"Fresh"
486.988087237,0.0533753195749935,"Fresh"
487.988087237,0.0534745761127061,"Fresh"
488.988087237,0.0537860991121002,"Fresh"
489.988087237,0.0540968413784236,"Fresh"
490.988087237,0.0542154602959158,"Fresh"
491.988087237,0.054582892223545,"Fresh"
492.988087237,0.0549374141405409,"Fresh"
493.988087237,0.0552718017023365,"Fresh"
494.988087237,0.0557721465269455,"Fresh"
495.988087237,0.0562992076775023,"Fresh"
496.988087237,0.0568483171477755,"Fresh"
497.988087237,0.0574565470443581,"Fresh"
498.988087237,0.0581977360402036,"Fresh"
499.988087237,0.0590928790253366,"Fresh"
500.988087237,0.060111913564949,"Fresh"
501.988087237,0.0612357686317533,"Fresh"
502.988087237,0.0626189390067356,"Fresh"
503.988087237,0.0641238165470785,"Fresh"
504.988087237,0.0657565029391747,"Fresh"
505.988087237,0.0676675579468845,"Fresh"
506.988087237,0.0697909485973071,"Fresh"
507.988087237,0.0721920051560424,"Fresh"
508.988087237,0.0749096517351179,"Fresh"
509.988087237,0.0778634940678904,"Fresh"
510.988087237,0.0810778385483273,"Fresh"
511.988087237,0.0846287275242669,"Fresh"
512.988087237,0.088582017038778,"Fresh"
513.988087237,0.0927847483212819,"Fresh"
514.988087237,0.097340857707172,"Fresh"
515.988087237,0.102256680335199,"Fresh"
516.988087237,0.107403840825331,"Fresh"
517.988087237,0.11285603307221,"Fresh"
518.988087237,0.118535621437784,"Fresh"
519.988087237,0.124347688493385,"Fresh"
520.988087237,0.130271902015991,"Fresh"
521.988087237,0.136239293168493,"Fresh"
522.988087237,0.142195366832975,"Fresh"
523.988087237,0.148093893771086,"Fresh"
524.988087237,0.153825186842687,"Fresh"
525.988087237,0.159391223572255,"Fresh"
526.988087237,0.164779867286171,"Fresh"
527.988087237,0.169942212568434,"Fresh"
528.988087237,0.174708176288384,"Fresh"
529.988087237,0.179130289303494,"Fresh"
530.988087237,0.18331035692775,"Fresh"
531.988087237,0.187197205812254,"Fresh"
532.988087237,0.190755707065548,"Fresh"
533.988087237,0.19397583829889,"Fresh"
534.988087237,0.196873197939163,"Fresh"
535.988087237,0.199504589220046,"Fresh"
536.988087237,0.20181848292395,"Fresh"
537.988087237,0.203833023686686,"Fresh"
538.988087237,0.205776787772256,"Fresh"
539.988087237,0.207589466354626,"Fresh"
540.988087237,0.20923925570178,"Fresh"
541.988087237,0.210720091719748,"Fresh"
542.988087237,0.212109928945565,"Fresh"
543.988087237,0.213503274427574,"Fresh"
544.988087237,0.214885641339956,"Fresh"
545.988087237,0.216111964124905,"Fresh"
546.988087237,0.217341205541838,"Fresh"
547.988087237,0.218518044698807,"Fresh"
548.988087237,0.219561128599595,"Fresh"
549.988087237,0.220494280443628,"Fresh"
550.988087237,0.221239522605533,"Fresh"
551.988087237,0.221737862309934,"Fresh"
552.988087237,0.221946735153039,"Fresh"
553.988087237,0.221846587219571,"Fresh"
554.988087237,0.221424647678731,"Fresh"
555.988087237,0.220669618998378,"Fresh"
556.988087237,0.219565776944194,"Fresh"
557.988087237,0.21818129114246,"Fresh"
558.988087237,0.216487012482105,"Fresh"
559.988087237,0.214457913005988,"Fresh"
560.988087237,0.212263905965646,"Fresh"
561.988087237,0.209831407262336,"Fresh"
562.988087237,0.207171937258664,"Fresh"
563.988087237,0.204383662813715,"Fresh"
564.988087237,0.20143863093947,"Fresh"
565.988087237,0.198338985049499,"Fresh"
566.988087237,0.195091194188521,"Fresh"
567.988087237,0.191698829399587,"Fresh"
568.988087237,0.188163824298455,"Fresh"
569.988087237,0.184535956152384,"Fresh"
570.988087237,0.180895542630408,"Fresh"
571.988087237,0.177356035406391,"Fresh"
572.988087237,0.173974942313885,"Fresh"
573.988087237,0.1707779727515,"Fresh"
574.988087237,0.167758875007273,"Fresh"
575.988087237,0.164879433675356,"Fresh"
576.988087237,0.162162188604158,"Fresh"
577.988087237,0.159625806052955,"Fresh"
578.988087237,0.1572320552225,"Fresh"
579.988087237,0.155004404874027,"Fresh"
580.988087237,0.15291331063887,"Fresh"
581.988087237,0.150901965925448,"Fresh"
582.988087237,0.148995642013467,"Fresh"
583.988087237,0.147190091082277,"Fresh"
584.988087237,0.145471390096077,"Fresh"
585.988087237,0.143809156364964,"Fresh"
586.988087237,0.142248023159033,"Fresh"
587.988087237,0.140803180660411,"Fresh"
588.988087237,0.13947330787201,"Fresh"
589.988087237,0.138256800694499,"Fresh"
590.988087237,0.137103657690298,"Fresh"
591.988087237,0.136008817163232,"Fresh"
592.988087237,0.135016982094421,"Fresh"
593.988087237,0.13410456946968,"Fresh"
594.988087237,0.133253402486867,"Fresh"
595.988087237,0.132444377014389,"Fresh"
596.988087237,0.131662854267886,"Fresh"
597.988087237,0.130900227435461,"Fresh"
598.988087237,0.130143191365809,"Fresh"
599.988087237,0.129368451377641,"Fresh"
600.988087237,0.128505382792588,"Fresh"
601.988087237,0.127545776441674,"Fresh"
602.988087237,0.126484952925209,"Fresh"
603.988087237,0.125313547617432,"Fresh"
604.988087237,0.124039187968763,"Fresh"
605.988087237,0.12263924025794,"Fresh"
606.988087237,0.121097091909934,"Fresh"
607.988087237,0.119457814744836,"Fresh"
608.988087237,0.117773535165101,"Fresh"
609.988087237,0.116048740504315,"Fresh"
610.988087237,0.11425390680404,"Fresh"
611.988087237,0.112461747915665,"Fresh"
612.988087237,0.110675402677177,"Fresh"
613.988087237,0.108908731764561,"Fresh"
614.988087237,0.107219779964321,"Fresh"
615.988087237,0.105613857580584,"Fresh"
616.988087237,0.104105539214582,"Fresh"
617.988087237,0.102712206331337,"Fresh"
618.988087237,0.101463367249841,"Fresh"
619.988087237,0.100368805397701,"Fresh"
620.988087237,0.0994313119672269,"Fresh"
621.988087237,0.0986442020068985,"Fresh"
622.988087237,0.0979363024099797,"Fresh"
623.988087237,0.0973499087293449,"Fresh"
624.988087237,0.0969136877484741,"Fresh"
625.988087237,0.0965458087245746,"Fresh"
626.988087237,0.0962770858327265,"Fresh"
627.988087237,0.0960923814236405,"Fresh"
628.988087237,0.0959461237962322,"Fresh"
629.988087237,0.0957675183052404,"Fresh"
630.988087237,0.095528460442646,"Fresh"
631.988087237,0.0952086915755482,"Fresh"
632.988087237,0.0947934917745495,"Fresh"
633.988087237,0.094167931175002,"Fresh"
634.988087237,0.093317312495915,"Fresh"
635.988087237,0.0922556406796725,"Fresh"
636.988087237,0.0909750857198379,"Fresh"
637.988087237,0.0894975654086812,"Fresh"
638.988087237,0.0878652317958643,"Fresh"
639.988087237,0.0861313232158062,"Fresh"
640.988087237,0.0842983642019457,"Fresh"
641.988087237,0.0824115912159797,"Fresh"
642.988087237,0.0805113533981579,"Fresh"
643.988087237,0.0786056854883792,"Fresh"
644.988087237,0.0767467252919589,"Fresh"
645.988087237,0.0749864046879724,"Fresh"
646.988087237,0.07336837154709,"Fresh"
647.988087237,0.0718887880638135,"Fresh"
648.988087237,0.0706186166712986,"Fresh"
649.988087237,0.069558553469841,"Fresh"
650.988087237,0.0686423119994629,"Fresh"
651.988087237,0.067888933140157,"Fresh"
652.988087237,0.067232879497261,"Fresh"
653.988087237,0.0665963443508064,"Fresh"
654.988087237,0.0659125189150597,"Fresh"
655.988087237,0.0651576739893366,"Fresh"
656.988087237,0.0643284903764752,"Fresh"
657.988087237,0.0634410317532055,"Fresh"
658.988087237,0.0625214889855116,"Fresh"
659.988087237,0.0615970648962213,"Fresh"
660.988087237,0.0607000249828227,"Fresh"
661.988087237,0.0598673936117165,"Fresh"
662.988087237,0.0591324537036814,"Fresh"
663.988087237,0.0585000362042679,"Fresh"
664.988087237,0.057977525949461,"Fresh"
665.988087237,0.0575986719902814,"Fresh"
666.988087237,0.0573591567925983,"Fresh"
667.988087237,0.0572309925304919,"Fresh"
668.988087237,0.0571816337969898,"Fresh"
669.988087237,0.057244060600141,"Fresh"
670.988087237,0.0574117700085675,"Fresh"
671.988087237,0.0576616198939676,"Fresh"
672.988087237,0.057955272223606,"Fresh"
673.988087237,0.0583621734119134,"Fresh"
674.988087237,0.058840872047711,"Fresh"
675.988087237,0.0593463235584211,"Fresh"
676.988087237,0.0599043425966877,"Fresh"
677.988087237,0.0605724200435383,"Fresh"
678.988087237,0.061341755151363,"Fresh"
679.988087237,0.0621708406955784,"Fresh"
680.988087237,0.0630879767827706,"Fresh"
681.988087237,0.0641413695739108,"Fresh"
682.988087237,0.0653719253201599,"Fresh"
683.988087237,0.0668035343565094,"Fresh"
684.988087237,0.068593472324474,"Fresh"
685.988087237,0.0708661251905924,"Fresh"
686.988087237,0.0737807392245762,"Fresh"
687.988087237,0.0776071089027365,"Fresh"
688.988087237,0.0825385123219329,"Fresh"
689.988087237,0.0888019929202893,"Fresh"
690.988087237,0.0966172505102372,"Fresh"
691.988087237,0.10605309712745,"Fresh"
692.988087237,0.117154389030212,"Fresh"
693.988087237,0.129909627310461,"Fresh"
694.988087237,0.144246041745192,"Fresh"
695.988087237,0.160007217466374,"Fresh"
696.988087237,0.177048913092593,"Fresh"
697.988087237,0.195216790677079,"Fresh"
698.988087237,0.214351393773063,"Fresh"
699.988087237,0.234250052504672,"Fresh"
700.988087237,0.254729950056699,"Fresh"
701.988087237,0.275624606696455,"Fresh"
702.988087237,0.296734014393907,"Fresh"
703.988087237,0.317920029469349,"Fresh"
704.988087237,0.339068924411548,"Fresh"
705.988087237,0.360080367941455,"Fresh"
706.988087237,0.380955333213752,"Fresh"
707.988087237,0.401674465671428,"Fresh"
708.988087237,0.422196593914428,"Fresh"
709.988087237,0.442474100854021,"Fresh"
710.988087237,0.462489417602022,"Fresh"
711.988087237,0.48222484783068,"Fresh"
712.988087237,0.501658449117193,"Fresh"
713.988087237,0.520758856723914,"Fresh"
714.988087237,0.539506057027446,"Fresh"
715.988087237,0.557859075460187,"Fresh"
716.988087237,0.575757353645242,"Fresh"
717.988087237,0.593203495595129,"Fresh"
718.988087237,0.610174629283443,"Fresh"
719.988087237,0.626638383930056,"Fresh"
720.988087237,0.642524501191289,"Fresh"
721.988087237,0.657828682273148,"Fresh"
722.988087237,0.672540111209051,"Fresh"
723.988087237,0.686616163258228,"Fresh"
724.988087237,0.700048134522333,"Fresh"
725.988087237,0.71281601787215,"Fresh"
726.988087237,0.724916435837362,"Fresh"
727.988087237,0.73636994474756,"Fresh"
728.988087237,0.747170581800641,"Fresh"
729.988087237,0.757354583544587,"Fresh"
730.988087237,0.766949824693191,"Fresh"
731.988087237,0.77592943830704,"Fresh"
732.988087237,0.784341283293005,"Fresh"
733.988087237,0.792196959886273,"Fresh"
734.988087237,0.799503102031169,"Fresh"
735.988087237,0.806303527722264,"Fresh"
736.988087237,0.812632390943313,"Fresh"
737.988087237,0.818505792228314,"Fresh"
738.988087237,0.823917607768834,"Fresh"
739.988087237,0.828956653024082,"Fresh"
740.988087237,0.833639885204795,"Fresh"
741.988087237,0.837946728523401,"Fresh"
742.988087237,0.841804878616654,"Fresh"
743.988087237,0.845362893725382,"Fresh"
744.988087237,0.848586812438849,"Fresh"
745.988087237,0.851423083028688,"Fresh"
746.988087237,0.854039396141033,"Fresh"
747.988087237,0.856425791242044,"Fresh"
748.988087237,0.858571132739712,"Fresh"
749.988087237,0.860471653751888,"Fresh"
750.988087237,0.862154888527009,"Fresh"
751.988087237,0.863674834924677,"Fresh"
752.988087237,0.865058071243037,"Fresh"
753.988087237,0.866287654652438,"Fresh"
754.988087237,0.867378750341271,"Fresh"
755.988087237,0.86835412060468,"Fresh"
756.988087237,0.869239700022094,"Fresh"
757.988087237,0.87006759787833,"Fresh"
758.988087237,0.870785379058827,"Fresh"
759.988087237,0.871400319197269,"Fresh"
760.988087237,0.87195158071904,"Fresh"
761.988087237,0.872469490886311,"Fresh"
762.988087237,0.872916871922612,"Fresh"
763.988087237,0.873272508627677,"Fresh"
764.988087237,0.873541438325976,"Fresh"
765.988087237,0.873797362029029,"Fresh"
766.988087237,0.874045651280352,"Fresh"
767.988087237,0.874272854931597,"Fresh"
768.988087237,0.874458378485032,"Fresh"
769.988087237,0.874609936279745,"Fresh"
770.988087237,0.874756967485596,"Fresh"
771.988087237,0.874920697995991,"Fresh"
772.988087237,0.875066897904903,"Fresh"
773.988087237,0.875192731953954,"Fresh"
774.988087237,0.875310574705132,"Fresh"
775.988087237,0.875440204289569,"Fresh"
776.988087237,0.875585186860214,"Fresh"
777.988087237,0.875699742920913,"Fresh"
778.988087237,0.875783926842648,"Fresh"
779.988087237,0.875892178601188,"Fresh"
780.988087237,0.876019130837646,"Fresh"
781.988087237,0.876159421726412,"Fresh"
782.988087237,0.876290491180524,"Fresh"
783.988087237,0.876352125233386,"Fresh"
784.988087237,0.876456592632531,"Fresh"
785.988087237,0.876597158311414,"Fresh"
786.988087237,0.876736850469165,"Fresh"
787.988087237,0.876893831975393,"Fresh"
788.988087237,0.877022531824625,"Fresh"
789.988087237,0.87714246524511,"Fresh"
790.988087237,0.877296132849263,"Fresh"
791.988087237,0.877390439244008,"Fresh"
792.988087237,0.87748192343169,"Fresh"
793.988087237,0.877606799853502,"Fresh"
794.988087237,0.877758899462818,"Fresh"
795.988087237,0.877851485171488,"Fresh"
796.988087237,0.877936114647882,"Fresh"
797.988087237,0.878052313684974,"Fresh"
798.988087237,0.878169748050496,"Fresh"
799.988087237,0.87825495922599,"Fresh"
800.988087237,0.878335751916515,"Fresh"
801.988087237,0.878434611038634,"Fresh"
802.988087237,0.878486649894697,"Fresh"
803.988087237,0.878587661542324,"Fresh"
804.988087237,0.878710080957056,"Fresh"
805.988087237,0.878780033995314,"Fresh"
806.988087237,0.878828235318897,"Fresh"
807.988087237,0.878874883001405,"Fresh"
808.988087237,0.878942743955825,"Fresh"
809.988087237,0.879048148882904,"Fresh"
810.988087237,0.879141603943019,"Fresh"
811.988087237,0.879204882571717,"Fresh"
812.988087237,0.879240484427976,"Fresh"
813.988087237,0.87927118604126,"Fresh"
814.988087237,0.879301875958248,"Fresh"
815.988087237,0.879350232923017,"Fresh"
816.988087237,0.879416420031354,"Fresh"
817.988087237,0.87945928624365,"Fresh"
818.988087237,0.879514459569801,"Fresh"
819.988087237,0.879571932433368,"Fresh"
820.988087237,0.879613272727814,"Fresh"
821.988087237,0.879647635266373,"Fresh"
822.988087237,0.879641875406936,"Fresh"
823.988087237,0.879613342438864,"Fresh"
824.988087237,0.879601343710124,"Fresh"
825.988087237,0.879611511225999,"Fresh"
826.988087237,0.879601037983625,"Fresh"
827.988087237,0.879565936790746,"Fresh"
828.988087237,0.879530277583732,"Fresh"
829.988087237,0.879446574632811,"Fresh"
830.988087237,0.879379911337761,"Fresh"
831.988087237,0.879370731707595,"Fresh"
832.988087237,0.879408663409203,"Fresh"
833.988087237,0.879414573132268,"Fresh"
834.988087237,0.879422585842608,"Fresh"
835.988087237,0.879467179261272,"Fresh"
836.988087237,0.87954254022161,"Fresh"
837.988087237,0.879578771677392,"Fresh"
838.988087237,0.879605606693882,"Fresh"
839.988087237,0.879658236241289,"Fresh"
840.988087237,0.879705101322671,"Fresh"
841.988087237,0.879796346528843,"Fresh"
842.988087237,0.879894535739688,"Fresh"
843.988087237,0.879950313936954,"Fresh"
844.988087237,0.879995035891676,"Fresh"
845.988087237,0.88005608893955,"Fresh"
846.988087237,0.880132435376594,"Fresh"
847.988087237,0.880203809957975,"Fresh"
848.988087237,0.880236703830925,"Fresh"
849.988087237,0.88031658284326,"Fresh"
850.988087237,0.88042864550566,"Fresh"
851.988087237,0.880492872897901,"Fresh"
852.988087237,0.880558257197964,"Fresh"
853.988087237,0.880648645908689,"Fresh"
854.988087237,0.880756547567634,"Fresh"
855.988087237,0.880846882782312,"Fresh"
856.988087237,0.880914671239619,"Fresh"
857.988087237,0.880967503104936,"Fresh"
858.988087237,0.881012306424643,"Fresh"
859.988087237,0.881051384108568,"Fresh"
860.988087237,0.881091428195211,"Fresh"
861.988087237,0.881137633251375,"Fresh"
862.988087237,0.881191009444866,"Fresh"
863.988087237,0.881247030550108,"Fresh"
864.988087237,0.88126165691828,"Fresh"
865.988087237,0.881279664278544,"Fresh"
866.988087237,0.881332891136796,"Fresh"
867.988087237,0.881372113376774,"Fresh"
868.988087237,0.881417895768325,"Fresh"
869.988087237,0.881463107836148,"Fresh"
870.988087237,0.881499204248086,"Fresh"
871.988087237,0.881538001499153,"Fresh"
872.988087237,0.88155629390444,"Fresh"
873.988087237,0.88155674755264,"Fresh"
874.988087237,0.881554601329404,"Fresh"
875.988087237,0.881570563205181,"Fresh"
876.988087237,0.88158193015722,"Fresh"
877.988087237,0.881590359235424,"Fresh"
878.988087237,0.881599688305168,"Fresh"
879.988087237,0.881569845811355,"Fresh"
880.988087237,0.881560037040682,"Fresh"
881.988087237,0.881556162947083,"Fresh"
882.988087237,0.881513224314914,"Fresh"
883.988087237,0.881452626455545,"Fresh"
884.988087237,0.881415061939603,"Fresh"
885.988087237,0.881408197269127,"Fresh"
886.988087237,0.881409029252968,"Fresh"
887.988087237,0.881363610118862,"Fresh"
888.988087237,0.881336419931332,"Fresh"
889.988087237,0.881315580555147,"Fresh"
890.988087237,0.881243545932073,"Fresh"
891.988087237,0.881191681909339,"Fresh"
892.988087237,0.881160331345905,"Fresh"
893.988087237,0.881130814406216,"Fresh"
894.988087237,0.881077786609742,"Fresh"
895.988087237,0.881003483435542,"Fresh"
896.988087237,0.880952262025949,"Fresh"
897.988087237,0.880943164491879,"Fresh"
898.988087237,0.880959043561059,"Fresh"
899.988087237,0.880936179449521,"Fresh"
900.988087237,0.880881289362936,"Fresh"
901.988087237,0.880814321233976,"Fresh"
902.988087237,0.880754928435581,"Fresh"
903.988087237,0.880689745782317,"Fresh"
904.988087237,0.88061305417177,"Fresh"
905.988087237,0.880545869655975,"Fresh"
906.988087237,0.880520992398239,"Fresh"
907.988087237,0.880433393380713,"Fresh"
908.988087237,0.880339724684319,"Fresh"
909.988087237,0.880255531993912,"Fresh"
910.988087237,0.880134807630549,"Fresh"
911.988087237,0.880006962329531,"Fresh"
912.988087237,0.879857815159881,"Fresh"
913.988087237,0.879688772590813,"Fresh"
914.988087237,0.879523679938061,"Fresh"
915.988087237,0.879392187815463,"Fresh"
916.988087237,0.879222721944584,"Fresh"
917.988087237,0.878995385886748,"Fresh"
918.988087237,0.878759386227909,"Fresh"
919.988087237,0.878537016051538,"Fresh"
920.988087237,0.878284966235784,"Fresh"
921.988087237,0.8779858269213,"Fresh"
922.988087237,0.877659281501671,"Fresh"
923.988087237,0.877311754590802,"Fresh"
924.988087237,0.876962017257609,"Fresh"
925.988087237,0.876599625193917,"Fresh"
926.988087237,0.876185680257784,"Fresh"
927.988087237,0.875687163302476,"Fresh"
928.988087237,0.875141645338366,"Fresh"
929.988087237,0.874598968924557,"Fresh"
930.988087237,0.874084950409476,"Fresh"
931.988087237,0.873461958442121,"Fresh"
932.988087237,0.872791417960864,"Fresh"
933.988087237,0.872135397552887,"Fresh"
934.988087237,0.871517216902593,"Fresh"
935.988087237,0.870845364452336,"Fresh"
936.988087237,0.87010832601418,"Fresh"
937.988087237,0.869362366322296,"Fresh"
938.988087237,0.868664774808653,"Fresh"
939.988087237,0.867855831060395,"Fresh"
940.988087237,0.866998737614304,"Fresh"
941.988087237,0.866104600210617,"Fresh"
942.988087237,0.865146413582329,"Fresh"
943.988087237,0.864113303583371,"Fresh"
944.988087237,0.86301637240095,"Fresh"
945.988087237,0.861837497141005,"Fresh"
946.988087237,0.860561049782956,"Fresh"
947.988087237,0.859243841404343,"Fresh"
948.988087237,0.857816546955221,"Fresh"
949.988087237,0.856317488378674,"Fresh"
950.988087237,0.854801540511853,"Fresh"
951.988087237,0.85321900701192,"Fresh"
952.988087237,0.851628597228504,"Fresh"
953.988087237,0.850096173696118,"Fresh"
954.988087237,0.84865636924931,"Fresh"
955.988087237,0.84726689118794,"Fresh"
956.988087237,0.845998477888126,"Fresh"
957.988087237,0.844873110625587,"Fresh"
958.988087237,0.843883781667611,"Fresh"
959.988087237,0.842998801090921,"Fresh"
960.988087237,0.842210614167434,"Fresh"
961.988087237,0.841516609917681,"Fresh"
962.988087237,0.840931633064958,"Fresh"
963.988087237,0.840485093748806,"Fresh"
964.988087237,0.840132911828873,"Fresh"
965.988087237,0.839893210092793,"Fresh"
966.988087237,0.8397250308701,"Fresh"
967.988087237,0.83953139595201,"Fresh"
968.988087237,0.839350599974587,"Fresh"
969.988087237,0.83917257711721,"Fresh"
970.988087237,0.839021811157085,"Fresh"
971.988087237,0.83894746948201,"Fresh"
972.988087237,0.83896934357974,"Fresh"
973.988087237,0.839031014434755,"Fresh"
974.988087237,0.839121329246505,"Fresh"
975.988087237,0.839254547030756,"Fresh"
976.988087237,0.839422628467243,"Fresh"
977.988087237,0.839608919734089,"Fresh"
978.988087237,0.839787985892178,"Fresh"
979.988087237,0.83997170365018,"Fresh"
980.988087237,0.840265037317968,"Fresh"
981.988087237,0.840597390615,"Fresh"
982.988087237,0.840911401605471,"Fresh"
983.988087237,0.841216627348872,"Fresh"
984.988087237,0.841618166184931,"Fresh"
985.988087237,0.842105935952483,"Fresh"
986.988087237,0.842594182045949,"Fresh"
987.988087237,0.843023147829143,"Fresh"
988.988087237,0.843413776866766,"Fresh"
989.988087237,0.843999510524864,"Fresh"
990.988087237,0.844548419902974,"Fresh"
991.988087237,0.845009650659567,"Fresh"
992.988087237,0.845505565719471,"Fresh"
993.988087237,0.846124783836548,"Fresh"
994.988087237,0.846613143880138,"Fresh"
995.988087237,0.847092090155907,"Fresh"
996.988087237,0.847754344171717,"Fresh"
997.988087237,0.848468959015912,"Fresh"
998.988087237,0.848998521143793,"Fresh"
999.988087237,0.849558713813452,"Fresh"
1001,0.850213153378257,"Fresh"
1002,0.850867592943062,"Fresh"
1003,0.851531094638972,"Fresh"
1004,0.852170661721162,"Fresh"
1005,0.852810663361173,"Fresh"
1006,0.853445676661708,"Fresh"
1007,0.854082416225535,"Fresh"
1008,0.854710676768269,"Fresh"
1009,0.85531596503035,"Fresh"
1010,0.855947575260039,"Fresh"
1011,0.856594608899772,"Fresh"
1012,0.857231951541026,"Fresh"
1013,0.857875215634318,"Fresh"
1014,0.858518915108343,"Fresh"
1015,0.859168946829547,"Fresh"
1016,0.859799675711408,"Fresh"
1017,0.860409723490312,"Fresh"
1018,0.861034380978478,"Fresh"
1019,0.861644512679763,"Fresh"
1020,0.862229352408601,"Fresh"
1021,0.862827218583203,"Fresh"
1022,0.863429757218026,"Fresh"
1023,0.864028476401893,"Fresh"
1024,0.86463326109344,"Fresh"
1025,0.86522055833372,"Fresh"
1026,0.865815792422981,"Fresh"
1027,0.866381230926974,"Fresh"
1028,0.866919379010786,"Fresh"
1029,0.867448866256962,"Fresh"
1030,0.867958523705974,"Fresh"
1031,0.868468294766172,"Fresh"
1032,0.868961215439433,"Fresh"
1033,0.869444281718822,"Fresh"
1034,0.869918660090856,"Fresh"
1035,0.87038922399177,"Fresh"
1036,0.870832137931457,"Fresh"
1037,0.871256871319262,"Fresh"
1038,0.871676708087512,"Fresh"
1039,0.872071385518502,"Fresh"
1040,0.872469899717147,"Fresh"
1041,0.872882663944771,"Fresh"
1042,0.873262923647014,"Fresh"
1043,0.87361809673696,"Fresh"
1044,0.873973953287696,"Fresh"
1045,0.874324828936086,"Fresh"
1046,0.87464970439467,"Fresh"
1047,0.874967442782113,"Fresh"
1048,0.875282468884525,"Fresh"
1049,0.875580257479463,"Fresh"
1050,0.875854082833113,"Fresh"
1051,0.876131917751835,"Fresh"
1052,0.876410962443527,"Fresh"
1053,0.876672673081963,"Fresh"
1054,0.87692814211991,"Fresh"
1055,0.877167750839304,"Fresh"
1056,0.87738262544388,"Fresh"
1057,0.877607111001696,"Fresh"
1058,0.877842332698635,"Fresh"
1059,0.878048363982767,"Fresh"
1060,0.878251071909956,"Fresh"
1061,0.87844112692074,"Fresh"
1062,0.878593489295641,"Fresh"
1063,0.878704378556111,"Fresh"
1064,0.878828961579297,"Fresh"
1065,0.878932496416269,"Fresh"
1066,0.879045131782801,"Fresh"
1067,0.879181837845622,"Fresh"
1068,0.879266530861404,"Fresh"
1069,0.879320829878274,"Fresh"
1070,0.879381603147945,"Fresh"
1071,0.879424326306332,"Fresh"
1072,0.879453026595709,"Fresh"
1073,0.8794810643756,"Fresh"
1074,0.879498860569937,"Fresh"
1075,0.879490936260426,"Fresh"
1076,0.879482796545995,"Fresh"
1077,0.879468339020781,"Fresh"
1078,0.879467072504443,"Fresh"
1079,0.879423814503162,"Fresh"
1080,0.879358631765196,"Fresh"
1081,0.879283483394018,"Fresh"
1082,0.879190031780034,"Fresh"
1083,0.879082100640215,"Fresh"
1084,0.878972465176603,"Fresh"
1085,0.878830114740753,"Fresh"
1086,0.878653678091197,"Fresh"
1087,0.878477969772399,"Fresh"
1088,0.878289975120716,"Fresh"
1089,0.878085924430636,"Fresh"
1090,0.877874689938078,"Fresh"
1091,0.877650041858342,"Fresh"
1092,0.877411078156093,"Fresh"
1093,0.877148806455849,"Fresh"
1094,0.876890858503787,"Fresh"
1095,0.876634341270516,"Fresh"
1096,0.876352229340677,"Fresh"
1097,0.876058956929844,"Fresh"
1098,0.875751974774987,"Fresh"
1099,0.875417099063441,"Fresh"
1100,0.87509123957635,"Fresh"
1101,0.874758480593728,"Fresh"
1102,0.874427279770779,"Fresh"
1103,0.874111239701983,"Fresh"
1104,0.873767435897498,"Fresh"
1105,0.873416206406025,"Fresh"
1106,0.873049235623772,"Fresh"
1107,0.872666357568602,"Fresh"
1108,0.872256415800915,"Fresh"
1109,0.871856778704835,"Fresh"
1110,0.871462023789531,"Fresh"
1111,0.87103590145795,"Fresh"
1112,0.870608595115147,"Fresh"
1113,0.870144259679068,"Fresh"
1114,0.869662088086573,"Fresh"
1115,0.869138267929192,"Fresh"
1116,0.868598397086357,"Fresh"
1117,0.868007635828795,"Fresh"
1118,0.867402833384751,"Fresh"
1119,0.866714830280608,"Fresh"
1120,0.866002927647361,"Fresh"
1121,0.865189608921975,"Fresh"
1122,0.864315398616617,"Fresh"
1123,0.863341378637821,"Fresh"
1124,0.862266469232645,"Fresh"
1125,0.861124600454037,"Fresh"
1126,0.859833292892974,"Fresh"
1127,0.858466218482666,"Fresh"
1128,0.856905512755961,"Fresh"
1129,0.85523595699153,"Fresh"
1130,0.85336680981482,"Fresh"
1131,0.851357425158683,"Fresh"
1132,0.849141266528729,"Fresh"
1133,0.846742512196673,"Fresh"
1134,0.844192002655853,"Fresh"
1135,0.841468963373809,"Fresh"
1136,0.838596770124801,"Fresh"
1137,0.835559321649071,"Fresh"
1138,0.832408620472169,"Fresh"
1139,0.829131789636918,"Fresh"
1140,0.825729872194494,"Fresh"
1141,0.822302657033192,"Fresh"
1142,0.81875782416977,"Fresh"
1143,0.815286673194962,"Fresh"
1144,0.811735020420068,"Fresh"
1145,0.808323988861809,"Fresh"
1146,0.804899142330142,"Fresh"
1147,0.801680454021933,"Fresh"
1148,0.798509963283265,"Fresh"
1149,0.795564133364181,"Fresh"
1150,0.79273702176799,"Fresh"
1151,0.790153157750752,"Fresh"
1152,0.787734862860315,"Fresh"
1153,0.785543600528991,"Fresh"
1154,0.78356180163666,"Fresh"
1155,0.78179537841567,"Fresh"
1156,0.780217677010435,"Fresh"
1157,0.778796898256598,"Fresh"
1158,0.777550361956353,"Fresh"
1159,0.776489174943244,"Fresh"
1160,0.775553037875559,"Fresh"
1161,0.774793525529069,"Fresh"
1162,0.774107424027565,"Fresh"
1163,0.773568506028255,"Fresh"
1164,0.773075565542958,"Fresh"
1165,0.772675025691943,"Fresh"
1166,0.772330523977664,"Fresh"
1167,0.772084431304836,"Fresh"
1168,0.771846089814694,"Fresh"
1169,0.771668430240662,"Fresh"
1170,0.771503905850237,"Fresh"
1171,0.771369799385326,"Fresh"
1172,0.771249012557738,"Fresh"
1173,0.771138141785331,"Fresh"
1174,0.771033182483969,"Fresh"
1175,0.770915952771479,"Fresh"
1176,0.77077912575873,"Fresh"
1177,0.770637469177531,"Fresh"
1178,0.77049780186936,"Fresh"
1179,0.770331296455312,"Fresh"
1180,0.770140723877053,"Fresh"
1181,0.769955896045633,"Fresh"
1182,0.769753552798925,"Fresh"
1183,0.769555567621779,"Fresh"
1184,0.769355939940788,"Fresh"
1185,0.769160529106196,"Fresh"
1186,0.768944816780734,"Fresh"
1187,0.768764378380997,"Fresh"
1188,0.768595969847251,"Fresh"
1189,0.768445986236828,"Fresh"
1190,0.768323471698335,"Fresh"
1191,0.76822637150179,"Fresh"
1192,0.768152005497737,"Fresh"
1193,0.768100301582664,"Fresh"
1194,0.768083609841299,"Fresh"
1195,0.768103394459661,"Fresh"
1196,0.768156135936661,"Fresh"
1197,0.768241184790259,"Fresh"
1198,0.768362913272969,"Fresh"
1199,0.76852145762603,"Fresh"
1200,0.768707337216803,"Fresh"
1201,0.768928653229185,"Fresh"
1202,0.769178103198621,"Fresh"
1203,0.769446176430625,"Fresh"
1204,0.769762422494242,"Fresh"
1205,0.770135886981811,"Fresh"
1206,0.770508377696959,"Fresh"
1207,0.770906597328478,"Fresh"
1208,0.771327412703794,"Fresh"
1209,0.771758688341732,"Fresh"
1210,0.772221734616377,"Fresh"
1211,0.772715375690905,"Fresh"
1212,0.773227130395734,"Fresh"
1213,0.7737550277197,"Fresh"
1214,0.774277838283125,"Fresh"
1215,0.77481367354174,"Fresh"
1216,0.775366717599914,"Fresh"
1217,0.775919692856449,"Fresh"
1218,0.776480695814519,"Fresh"
1219,0.777040250695822,"Fresh"
1220,0.777605372701308,"Fresh"
1221,0.778166310558691,"Fresh"
1222,0.77872687122046,"Fresh"
1223,0.779282324260173,"Fresh"
1224,0.779843154518381,"Fresh"
1225,0.780392223544431,"Fresh"
1226,0.780932390234463,"Fresh"
1227,0.781472757082005,"Fresh"
1228,0.781999541638964,"Fresh"
1229,0.782508513814278,"Fresh"
1230,0.783017839611028,"Fresh"
1231,0.783515621271994,"Fresh"
1232,0.783997352295813,"Fresh"
1233,0.784473450409876,"Fresh"
1234,0.784936469574993,"Fresh"
1235,0.785379480192676,"Fresh"
1236,0.785825244572797,"Fresh"
1237,0.78626542172302,"Fresh"
1238,0.786699595867363,"Fresh"
1239,0.787135591854182,"Fresh"
1240,0.787552256095972,"Fresh"
1241,0.787953116027308,"Fresh"
1242,0.788353642759955,"Fresh"
1243,0.788748696914615,"Fresh"
1244,0.789128393445991,"Fresh"
1245,0.789499137204308,"Fresh"
1246,0.789867748318772,"Fresh"
1247,0.790222817790167,"Fresh"
1248,0.790550846581201,"Fresh"
1249,0.790865561588455,"Fresh"
1250,0.791178753455488,"Fresh"
1251,0.791474074955077,"Fresh"
1252,0.79174204247273,"Fresh"
1253,0.792004431403758,"Fresh"
1254,0.792262421542347,"Fresh"
1255,0.79249235215943,"Fresh"
1256,0.792702102917723,"Fresh"
1257,0.792891051772458,"Fresh"
1258,0.793057595026198,"Fresh"
1259,0.79320653834928,"Fresh"
1260,0.793344250961021,"Fresh"
1261,0.793450333008465,"Fresh"
1262,0.793540180026977,"Fresh"
1263,0.793590488454751,"Fresh"
1264,0.793604292515788,"Fresh"
1265,0.793590015562714,"Fresh"
1266,0.793562018857436,"Fresh"
1267,0.79351020818876,"Fresh"
1268,0.793425473401126,"Fresh"
1269,0.793313783913753,"Fresh"
1270,0.793167643472564,"Fresh"
1271,0.792989088738816,"Fresh"
1272,0.792791919024569,"Fresh"
1273,0.792567934194971,"Fresh"
1274,0.79230783465981,"Fresh"
1275,0.792027915562009,"Fresh"
1276,0.791724929584942,"Fresh"
1277,0.79137893271608,"Fresh"
1278,0.791013849114242,"Fresh"
1279,0.790631903470665,"Fresh"
1280,0.790208619569953,"Fresh"
1281,0.789755825105835,"Fresh"
1282,0.789270789071084,"Fresh"
1283,0.788754987526734,"Fresh"
1284,0.788189344441794,"Fresh"
1285,0.787580675737312,"Fresh"
1286,0.786942793108547,"Fresh"
1287,0.786269734338366,"Fresh"
1288,0.785561290731403,"Fresh"
1289,0.784814990964185,"Fresh"
1290,0.784032122120831,"Fresh"
1291,0.783191526699931,"Fresh"
1292,0.782301754876125,"Fresh"
1293,0.781391847326983,"Fresh"
1294,0.780421708993196,"Fresh"
1295,0.779396803717684,"Fresh"
1296,0.778345815493462,"Fresh"
1297,0.777225794725456,"Fresh"
1298,0.776050519641772,"Fresh"
1299,0.774835697636026,"Fresh"
1300,0.773553242433547,"Fresh"
1301,0.772207086157303,"Fresh"
1302,0.770794631762256,"Fresh"
1303,0.769321780449443,"Fresh"
1304,0.767783326436835,"Fresh"
1305,0.766184832442106,"Fresh"
1306,0.764541076316441,"Fresh"
1307,0.762808822082388,"Fresh"
1308,0.761010090367196,"Fresh"
1309,0.759105539095983,"Fresh"
1310,0.757136721559384,"Fresh"
1311,0.755076010138112,"Fresh"
1312,0.752947954630999,"Fresh"
1313,0.75076550871996,"Fresh"
1314,0.74846884834983,"Fresh"
1315,0.746104627010185,"Fresh"
1316,0.743668258872204,"Fresh"
1317,0.741133612075951,"Fresh"
1318,0.738541005426325,"Fresh"
1319,0.735848695057781,"Fresh"
1320,0.733094053501272,"Fresh"
1321,0.730301243599385,"Fresh"
1322,0.727413381573788,"Fresh"
1323,0.724505273937981,"Fresh"
1324,0.72156156895943,"Fresh"
1325,0.71852008513433,"Fresh"
1326,0.715435542053862,"Fresh"
1327,0.712306204138859,"Fresh"
1328,0.709139084597755,"Fresh"
1329,0.705926647603244,"Fresh"
1330,0.702702439126864,"Fresh"
1331,0.699468557210147,"Fresh"
1332,0.69622543850264,"Fresh"
1333,0.692979221814547,"Fresh"
1334,0.689681654339442,"Fresh"
1335,0.686413288272368,"Fresh"
1336,0.68313558704911,"Fresh"
1337,0.679865997481205,"Fresh"
1338,0.67666126213573,"Fresh"
1339,0.67345331496709,"Fresh"
1340,0.670298170334014,"Fresh"
1341,0.667194119988384,"Fresh"
1342,0.664087486096881,"Fresh"
1343,0.661041097484498,"Fresh"
1344,0.658036182040588,"Fresh"
1345,0.655075393010422,"Fresh"
1346,0.652167766009872,"Fresh"
1347,0.649281476207835,"Fresh"
1348,0.646463105272094,"Fresh"
1349,0.643693258014118,"Fresh"
1350,0.640917570546258,"Fresh"
1351,0.638157333261627,"Fresh"
1352,0.635439900848762,"Fresh"
1353,0.632689057451283,"Fresh"
1354,0.629951232800265,"Fresh"
1355,0.627179091567042,"Fresh"
1356,0.624429437683569,"Fresh"
1357,0.621593399947751,"Fresh"
1358,0.618734563270849,"Fresh"
1359,0.615759646978826,"Fresh"
1360,0.612715808897559,"Fresh"
1361,0.609543528931211,"Fresh"
1362,0.606264203158694,"Fresh"
1363,0.602869721176051,"Fresh"
1364,0.599273036716952,"Fresh"
1365,0.595531330751325,"Fresh"
1366,0.591590944352334,"Fresh"
1367,0.587371001523994,"Fresh"
1368,0.582927710164135,"Fresh"
1369,0.578171893739116,"Fresh"
1370,0.573125368226731,"Fresh"
1371,0.567817801001734,"Fresh"
1372,0.562124543367246,"Fresh"
1373,0.556141491564456,"Fresh"
1374,0.54979259343061,"Fresh"
1375,0.542952695195279,"Fresh"
1376,0.535747234824714,"Fresh"
1377,0.528051378011579,"Fresh"
1378,0.519916187129003,"Fresh"
1379,0.511464686266617,"Fresh"
1380,0.502552357596816,"Fresh"
1381,0.49320503526203,"Fresh"
1382,0.483559775428267,"Fresh"
1383,0.473449058959312,"Fresh"
1384,0.463106115410475,"Fresh"
1385,0.452478062200998,"Fresh"
1386,0.441580564855571,"Fresh"
1387,0.43048881632531,"Fresh"
1388,0.419384744149141,"Fresh"
1389,0.408095866229788,"Fresh"
1390,0.396871242291609,"Fresh"
1391,0.385677895613771,"Fresh"
1392,0.374434765887267,"Fresh"
1393,0.363395039969695,"Fresh"
1394,0.352445605750488,"Fresh"
1395,0.341694831563268,"Fresh"
1396,0.331309344571448,"Fresh"
1397,0.32116365367827,"Fresh"
1398,0.311472662228896,"Fresh"
1399,0.302180629583901,"Fresh"
1400,0.293131427745396,"Fresh"
1401,0.284577385207827,"Fresh"
1402,0.276379478916024,"Fresh"
1403,0.268579737686112,"Fresh"
1404,0.261319510409118,"Fresh"
1405,0.254443847651629,"Fresh"
1406,0.24802496807251,"Fresh"
1407,0.242046842078326,"Fresh"
1408,0.236378821139879,"Fresh"
1409,0.231140122698315,"Fresh"
1410,0.226270371712018,"Fresh"
1411,0.221742993454193,"Fresh"
1412,0.217605738918557,"Fresh"
1413,0.21374722843783,"Fresh"
1414,0.210241082674592,"Fresh"
1415,0.206988527327447,"Fresh"
1416,0.204039090206227,"Fresh"
1417,0.201288168081227,"Fresh"
1418,0.19880589998477,"Fresh"
1419,0.196525015475383,"Fresh"
1420,0.19443194941698,"Fresh"
1421,0.192549272327309,"Fresh"
1422,0.190828370171531,"Fresh"
1423,0.189281799006835,"Fresh"
1424,0.187881959469352,"Fresh"
1425,0.186593567998943,"Fresh"
1426,0.185443013476509,"Fresh"
1427,0.184407403492388,"Fresh"
1428,0.18347575437417,"Fresh"
1429,0.182657310419867,"Fresh"
1430,0.181930520051165,"Fresh"
1431,0.181299911058255,"Fresh"
1432,0.180749859757569,"Fresh"
1433,0.180264762449048,"Fresh"
1434,0.179859030558606,"Fresh"
1435,0.179515022636312,"Fresh"
1436,0.179228233649626,"Fresh"
1437,0.179010062595848,"Fresh"
1438,0.178848258858693,"Fresh"
1439,0.178736483366938,"Fresh"
1440,0.178668562459,"Fresh"
1441,0.178641037642834,"Fresh"
1442,0.178655654342597,"Fresh"
1443,0.178707966243987,"Fresh"
1444,0.17879626192383,"Fresh"
1445,0.178917786830423,"Fresh"
1446,0.179065101062842,"Fresh"
1447,0.179232642731809,"Fresh"
1448,0.179423497594531,"Fresh"
1449,0.179640942348017,"Fresh"
1450,0.179882907554194,"Fresh"
1451,0.180146762670287,"Fresh"
1452,0.180444350623688,"Fresh"
1453,0.180760124424056,"Fresh"
1454,0.181123469541615,"Fresh"
1455,0.181522084181968,"Fresh"
1456,0.181961474875031,"Fresh"
1457,0.182450952022348,"Fresh"
1458,0.183003383371688,"Fresh"
1459,0.183610845544619,"Fresh"
1460,0.184287097042615,"Fresh"
1461,0.185036435839254,"Fresh"
1462,0.185851208390993,"Fresh"
1463,0.186749476338782,"Fresh"
1464,0.187717613863372,"Fresh"
1465,0.188761495191548,"Fresh"
1466,0.189895498264204,"Fresh"
1467,0.191104471835228,"Fresh"
1468,0.192399920787264,"Fresh"
1469,0.193771900612496,"Fresh"
1470,0.195206755043972,"Fresh"
1471,0.196722716238009,"Fresh"
1472,0.198288382451228,"Fresh"
1473,0.199911089890733,"Fresh"
1474,0.201615414993422,"Fresh"
1475,0.203367401594976,"Fresh"
1476,0.205182867057156,"Fresh"
1477,0.20704556746324,"Fresh"
1478,0.208927167692727,"Fresh"
1479,0.210862226796741,"Fresh"
1480,0.212818984474205,"Fresh"
1481,0.214802884034635,"Fresh"
1482,0.216845937651993,"Fresh"
1483,0.218903877917203,"Fresh"
1484,0.220999446331472,"Fresh"
1485,0.223125839359779,"Fresh"
1486,0.22525360753582,"Fresh"
1487,0.227416346159121,"Fresh"
1488,0.229580070420994,"Fresh"
1489,0.231752022400948,"Fresh"
1490,0.233963903647556,"Fresh"
1491,0.236175780190804,"Fresh"
1492,0.238420937810388,"Fresh"
1493,0.240688301356736,"Fresh"
1494,0.242946218091812,"Fresh"
1495,0.245218336975698,"Fresh"
1496,0.247494031177858,"Fresh"
1497,0.249773822051089,"Fresh"
1498,0.252067579587249,"Fresh"
1499,0.254379864858829,"Fresh"
1500,0.256711363330043,"Fresh"
1501,0.25903772032011,"Fresh"
1502,0.261379046622411,"Fresh"
1503,0.26369061643686,"Fresh"
1504,0.266019097194865,"Fresh"
1505,0.268340102645869,"Fresh"
1506,0.27066499381759,"Fresh"
1507,0.273021095649737,"Fresh"
1508,0.275354713263152,"Fresh"
1509,0.277698852403682,"Fresh"
1510,0.280044703561075,"Fresh"
1511,0.282361295315536,"Fresh"
1512,0.284694473301941,"Fresh"
1513,0.287006297741423,"Fresh"
1514,0.289314144537026,"Fresh"
1515,0.291641837790663,"Fresh"
1516,0.293939754862479,"Fresh"
1517,0.29625316591051,"Fresh"
1518,0.298562887309597,"Fresh"
1519,0.300836544609169,"Fresh"
1520,0.303132299631059,"Fresh"
1521,0.305399488312769,"Fresh"
1522,0.307646234062193,"Fresh"
1523,0.309917968579823,"Fresh"
1524,0.312155166679195,"Fresh"
1525,0.314395818736531,"Fresh"
1526,0.316628035585471,"Fresh"
1527,0.318824573586406,"Fresh"
1528,0.32103648755618,"Fresh"
1529,0.323208878550529,"Fresh"
1530,0.325358405540828,"Fresh"
1531,0.327535039473891,"Fresh"
1532,0.329683630571238,"Fresh"
1533,0.331827439985413,"Fresh"
1534,0.333963050852463,"Fresh"
1535,0.336064028979824,"Fresh"
1536,0.338165108867354,"Fresh"
1537,0.340232290772997,"Fresh"
1538,0.342282980177028,"Fresh"
1539,0.344347503647622,"Fresh"
1540,0.346380196063435,"Fresh"
1541,0.348410739881006,"Fresh"
1542,0.350432431223335,"Fresh"
1543,0.35241407360129,"Fresh"
1544,0.354394318532887,"Fresh"
1545,0.35634216906351,"Fresh"
1546,0.358273819612504,"Fresh"
1547,0.360226512372342,"Fresh"
1548,0.362143023166742,"Fresh"
1549,0.36405155341607,"Fresh"
1550,0.365959092365795,"Fresh"
1551,0.367825259180594,"Fresh"
1552,0.369685664404616,"Fresh"
1553,0.371522352367171,"Fresh"
1554,0.373330372711047,"Fresh"
1555,0.375141163569295,"Fresh"
1556,0.376933277924162,"Fresh"
1557,0.378720768698946,"Fresh"
1558,0.380493000989869,"Fresh"
1559,0.382220656553505,"Fresh"
1560,0.383937043341248,"Fresh"
1561,0.385629574162099,"Fresh"
1562,0.387305344260123,"Fresh"
1563,0.388968915317012,"Fresh"
1564,0.390620898062891,"Fresh"
1565,0.392253375927906,"Fresh"
1566,0.393873672363425,"Fresh"
1567,0.3954767507289,"Fresh"
1568,0.397066078319528,"Fresh"
1569,0.398638798267432,"Fresh"
1570,0.400194575206457,"Fresh"
1571,0.401740083577947,"Fresh"
1572,0.40327873432734,"Fresh"
1573,0.404803625278176,"Fresh"
1574,0.406319655065611,"Fresh"
1575,0.407821728670641,"Fresh"
1576,0.409309634977559,"Fresh"
1577,0.410784409038324,"Fresh"
1578,0.412245858202694,"Fresh"
1579,0.413701088199383,"Fresh"
1580,0.415147025703171,"Fresh"
1581,0.416581128559476,"Fresh"
1582,0.41800018501945,"Fresh"
1583,0.419401943990347,"Fresh"
1584,0.420792933780196,"Fresh"
1585,0.42217186941347,"Fresh"
1586,0.423532820399224,"Fresh"
1587,0.424876435904103,"Fresh"
1588,0.426222264932422,"Fresh"
1589,0.427559212777266,"Fresh"
1590,0.428885571992801,"Fresh"
1591,0.43020837694803,"Fresh"
1592,0.431516886279428,"Fresh"
1593,0.432803819756128,"Fresh"
1594,0.434086016762946,"Fresh"
1595,0.435365932492006,"Fresh"
1596,0.436640132923042,"Fresh"
1597,0.437913520345919,"Fresh"
1598,0.439167250771587,"Fresh"
1599,0.440402597860256,"Fresh"
1600,0.441631037234799,"Fresh"
1601,0.442843812529278,"Fresh"
1602,0.444044486345228,"Fresh"
1603,0.445244650706122,"Fresh"
1604,0.446429756131352,"Fresh"
1605,0.447597406125671,"Fresh"
1606,0.448757426527653,"Fresh"
1607,0.449907252230566,"Fresh"
1608,0.451039231484138,"Fresh"
1609,0.452157120107884,"Fresh"
1610,0.453259151461185,"Fresh"
1611,0.454347491489369,"Fresh"
1612,0.45542466975715,"Fresh"
1613,0.456490482064067,"Fresh"
1614,0.457538469739623,"Fresh"
1615,0.458567638893099,"Fresh"
1616,0.459584062803453,"Fresh"
1617,0.460587834899773,"Fresh"
1618,0.461566840476327,"Fresh"
1619,0.462526767729287,"Fresh"
1620,0.463478540377414,"Fresh"
1621,0.464411958997481,"Fresh"
1622,0.465333042594116,"Fresh"
1623,0.46624505167993,"Fresh"
1624,0.467134620482001,"Fresh"
1625,0.468005303265762,"Fresh"
1626,0.468857782656604,"Fresh"
1627,0.469692658267196,"Fresh"
1628,0.470514483069612,"Fresh"
1629,0.471328165564522,"Fresh"
1630,0.472106549550919,"Fresh"
1631,0.472859150223913,"Fresh"
1632,0.473590448777093,"Fresh"
1633,0.474290943318206,"Fresh"
1634,0.47497099679982,"Fresh"
1635,0.475639202750962,"Fresh"
1636,0.476274264177391,"Fresh"
1637,0.476879771832455,"Fresh"
1638,0.477457678501368,"Fresh"
1639,0.478010927153295,"Fresh"
1640,0.478527973029784,"Fresh"
1641,0.47901021356663,"Fresh"
1642,0.479466321940862,"Fresh"
1643,0.479886754455387,"Fresh"
1644,0.480283512799505,"Fresh"
1645,0.480661472175442,"Fresh"
1646,0.481001071212227,"Fresh"
1647,0.481300190244687,"Fresh"
1648,0.481581867111617,"Fresh"
1649,0.481831859638892,"Fresh"
1650,0.482059357232104,"Fresh"
1651,0.482264439214796,"Fresh"
1652,0.482450566138311,"Fresh"
1653,0.482595278834758,"Fresh"
1654,0.482752298618331,"Fresh"
1655,0.482899945513014,"Fresh"
1656,0.483043597913238,"Fresh"
1657,0.483183258925301,"Fresh"
1658,0.483328617324456,"Fresh"
1659,0.483460064501319,"Fresh"
1660,0.48361562656893,"Fresh"
1661,0.483779532334055,"Fresh"
1662,0.483964078771936,"Fresh"
1663,0.484173027205555,"Fresh"
1664,0.484381288786565,"Fresh"
1665,0.48461584309327,"Fresh"
1666,0.484828588498689,"Fresh"
1667,0.48503700887149,"Fresh"
1668,0.485235175884199,"Fresh"
1669,0.48543181326262,"Fresh"
1670,0.485601566063648,"Fresh"
1671,0.485772825844558,"Fresh"
1672,0.485887152166085,"Fresh"
1673,0.485973444499312,"Fresh"
1674,0.486007167471331,"Fresh"
1675,0.485993837678522,"Fresh"
1676,0.48593668812113,"Fresh"
1677,0.48583302412647,"Fresh"
1678,0.485686414950103,"Fresh"
1679,0.485499347812928,"Fresh"
1680,0.48525735123875,"Fresh"
1681,0.484967196123982,"Fresh"
1682,0.484626396659916,"Fresh"
1683,0.484226136943037,"Fresh"
1684,0.483788083673982,"Fresh"
1685,0.48329799046296,"Fresh"
1686,0.482778008687229,"Fresh"
1687,0.482217905082329,"Fresh"
1688,0.481618321955376,"Fresh"
1689,0.480977942036883,"Fresh"
1690,0.480311140260165,"Fresh"
1691,0.479598305549741,"Fresh"
1692,0.478872612638703,"Fresh"
1693,0.478119288104646,"Fresh"
1694,0.477349713398685,"Fresh"
1695,0.47655204017064,"Fresh"
1696,0.475754945612209,"Fresh"
1697,0.474943454991313,"Fresh"
1698,0.474129965695148,"Fresh"
1699,0.473309914876262,"Fresh"
1700,0.472481337892052,"Fresh"
1701,0.47164472341494,"Fresh"
1702,0.470800695952479,"Fresh"
1703,0.46994873847725,"Fresh"
1704,0.469093325011174,"Fresh"
1705,0.468231338485166,"Fresh"
1706,0.467369425090795,"Fresh"
1707,0.466499700602606,"Fresh"
1708,0.465631263316649,"Fresh"
1709,0.464758000729881,"Fresh"
1710,0.463891501452414,"Fresh"
1711,0.463034830241777,"Fresh"
1712,0.462182443264688,"Fresh"
1713,0.461352527873572,"Fresh"
1714,0.460550041742525,"Fresh"
1715,0.459748410513993,"Fresh"
1716,0.458969317830187,"Fresh"
1717,0.458201628060433,"Fresh"
1718,0.457433303897367,"Fresh"
1719,0.45668001536069,"Fresh"
1720,0.455930739721459,"Fresh"
1721,0.455171259761192,"Fresh"
1722,0.454407930908629,"Fresh"
1723,0.453637192687463,"Fresh"
1724,0.452860859601701,"Fresh"
1725,0.452078591528113,"Fresh"
1726,0.451305183250448,"Fresh"
1727,0.450497678582475,"Fresh"
1728,0.44967620889156,"Fresh"
1729,0.448829839590619,"Fresh"
1730,0.447962154287655,"Fresh"
1731,0.447057698998735,"Fresh"
1732,0.446126294216131,"Fresh"
1733,0.445168160129595,"Fresh"
1734,0.444181253120501,"Fresh"
1735,0.44315539407574,"Fresh"
1736,0.442110963516948,"Fresh"
1737,0.441013386113684,"Fresh"
1738,0.439864799754959,"Fresh"
1739,0.438680250650959,"Fresh"
1740,0.437443852110664,"Fresh"
1741,0.436192689885448,"Fresh"
1742,0.43490481973001,"Fresh"
1743,0.433599554423863,"Fresh"
1744,0.432269837834833,"Fresh"
1745,0.430926616794271,"Fresh"
1746,0.429557431667424,"Fresh"
1747,0.428178455610522,"Fresh"
1748,0.426777263412734,"Fresh"
1749,0.425384877893259,"Fresh"
1750,0.423975231831799,"Fresh"
1751,0.422582522544434,"Fresh"
1752,0.42120182975086,"Fresh"
1753,0.419814780672258,"Fresh"
1754,0.418428881806883,"Fresh"
1755,0.41704174473628,"Fresh"
1756,0.415641374073539,"Fresh"
1757,0.414275468982542,"Fresh"
1758,0.412919661969452,"Fresh"
1759,0.411576561343676,"Fresh"
1760,0.410254158934337,"Fresh"
1761,0.408945448167011,"Fresh"
1762,0.40764055890526,"Fresh"
1763,0.406367828728879,"Fresh"
1764,0.405119758594858,"Fresh"
1765,0.403898870002891,"Fresh"
1766,0.402694250466704,"Fresh"
1767,0.401532491950845,"Fresh"
1768,0.400395431690777,"Fresh"
1769,0.399295322753736,"Fresh"
1770,0.398226951324456,"Fresh"
1771,0.397188379294509,"Fresh"
1772,0.396190674811752,"Fresh"
1773,0.395222643577016,"Fresh"
1774,0.39430101461963,"Fresh"
1775,0.3934162272248,"Fresh"
1776,0.392586240605558,"Fresh"
1777,0.391809507480841,"Fresh"
1778,0.391075466212066,"Fresh"
1779,0.390390001805185,"Fresh"
1780,0.389758213200029,"Fresh"
1781,0.38916692034517,"Fresh"
1782,0.388636915441388,"Fresh"
1783,0.388176665968485,"Fresh"
1784,0.387748278380544,"Fresh"
1785,0.387375149568564,"Fresh"
1786,0.387034921307554,"Fresh"
1787,0.386734683406296,"Fresh"
1788,0.38647152666101,"Fresh"
1789,0.386249735748899,"Fresh"
1790,0.386060568256841,"Fresh"
1791,0.385914936168847,"Fresh"
1792,0.385787896772607,"Fresh"
1793,0.38569733189145,"Fresh"
1794,0.385622595458007,"Fresh"
1795,0.385570180741364,"Fresh"
1796,0.385538104160388,"Fresh"
1797,0.385521604671729,"Fresh"
1798,0.385527219718649,"Fresh"
1799,0.385562191958388,"Fresh"
1800,0.385601198721619,"Fresh"
1801,0.385650417700577,"Fresh"
1802,0.385695608579905,"Fresh"
1803,0.385730055884118,"Fresh"
1804,0.385774519043574,"Fresh"
1805,0.385823959053035,"Fresh"
1806,0.385883391632194,"Fresh"
1807,0.38594693811766,"Fresh"
1808,0.386002021283519,"Fresh"
1809,0.386048771760161,"Fresh"
1810,0.386076576874853,"Fresh"
1811,0.386096736959951,"Fresh"
1812,0.386105820190385,"Fresh"
1813,0.386107363968833,"Fresh"
1814,0.386104913464706,"Fresh"
1815,0.386079268679933,"Fresh"
1816,0.38604288469445,"Fresh"
1817,0.385981914099808,"Fresh"
1818,0.385889788981135,"Fresh"
1819,0.385792521907123,"Fresh"
1820,0.385680043438815,"Fresh"
1821,0.385543663040197,"Fresh"
1822,0.385383645351574,"Fresh"
1823,0.385194260648792,"Fresh"
1824,0.384982275587302,"Fresh"
1825,0.384751862013768,"Fresh"
1826,0.384509504727677,"Fresh"
1827,0.384219729595349,"Fresh"
1828,0.383891482060893,"Fresh"
1829,0.383522613611478,"Fresh"
1830,0.383087009481281,"Fresh"
1831.011654519,0.383031128304434,"Fresh"
1832.011654519,0.382327752841593,"Fresh"
1833.011654519,0.381546287085775,"Fresh"
1834.011654519,0.380682977053379,"Fresh"
1835.011654519,0.379759849249804,"Fresh"
1836.011654519,0.378728229972237,"Fresh"
1837.011654519,0.377627291615782,"Fresh"
1838.011654519,0.376407969407806,"Fresh"
1839.011654519,0.375081230760012,"Fresh"
1840.011654519,0.37362843749793,"Fresh"
1841.011654519,0.372047812966886,"Fresh"
1842.011654519,0.370364494839581,"Fresh"
1843.011654519,0.368517964743253,"Fresh"
1844.011654519,0.366571535293972,"Fresh"
1845.011654519,0.364428693656971,"Fresh"
1846.011654519,0.362141779139582,"Fresh"
1847.011654519,0.35966197234576,"Fresh"
1848.011654519,0.357028207778124,"Fresh"
1849.011654519,0.354167034067413,"Fresh"
1850.011654519,0.351114805797131,"Fresh"
1851.011654519,0.347887091509251,"Fresh"
1852.011654519,0.344405310486874,"Fresh"
1853.011654519,0.340718915349234,"Fresh"
1854.011654519,0.336800829136195,"Fresh"
1855.011654519,0.332679332045393,"Fresh"
1856.011654519,0.328262358813101,"Fresh"
1857.011654519,0.32363698372404,"Fresh"
1858.011654519,0.318723527509271,"Fresh"
1859.011654519,0.313548816225009,"Fresh"
1860.011654519,0.308193312154741,"Fresh"
1861.011654519,0.302519320365243,"Fresh"
1862.011654519,0.296642939660914,"Fresh"
1863.011654519,0.29051221188829,"Fresh"
1864.011654519,0.284142201316683,"Fresh"
1865.011654519,0.277420277326367,"Fresh"
1866.011654519,0.270499072056888,"Fresh"
1867.011654519,0.263260324693467,"Fresh"
1868.011654519,0.255767931010211,"Fresh"
1869.011654519,0.248154316837302,"Fresh"
1870.011654519,0.240262123285411,"Fresh"
1871.011654519,0.232282383653984,"Fresh"
1872.011654519,0.224206891386237,"Fresh"
1873.011654519,0.215911186511478,"Fresh"
1874.011654519,0.20763866108206,"Fresh"
1875.011654519,0.199329637902176,"Fresh"
1876.011654519,0.190979010061363,"Fresh"
1877.011654519,0.182657986686362,"Fresh"
1878.011654519,0.174530741031594,"Fresh"
1879.011654519,0.166441143954812,"Fresh"
1880.011654519,0.158558480245298,"Fresh"
1881.011654519,0.150871994334143,"Fresh"
1882.011654519,0.14326361693922,"Fresh"
1883.011654519,0.135954280863553,"Fresh"
1884.011654519,0.128860978781797,"Fresh"
1885.011654519,0.121980147225005,"Fresh"
1886.011654519,0.11536816527239,"Fresh"
1887.011654519,0.109149771425437,"Fresh"
1888.011654519,0.10322504939932,"Fresh"
1889.011654519,0.0976887190667761,"Fresh"
1890.011654519,0.0925294870951307,"Fresh"
1891.011654519,0.0876511778465437,"Fresh"
1892.011654519,0.0831730071569745,"Fresh"
1893.011654519,0.0790225163749863,"Fresh"
1894.011654519,0.0752124586027269,"Fresh"
1895.011654519,0.0717275079929042,"Fresh"
1896.011654519,0.0686102388443171,"Fresh"
1897.011654519,0.0657768143931868,"Fresh"
1898.011654519,0.0632445462775332,"Fresh"
1899.011654519,0.0609833607035585,"Fresh"
1900.011654519,0.0589190023958391,"Fresh"
1901.011654519,0.057104927769523,"Fresh"
1902.011654519,0.055491302499878,"Fresh"
1903.011654519,0.0540522057318935,"Fresh"
1904.011654519,0.0527658100163477,"Fresh"
1905.011654519,0.0516763469008353,"Fresh"
1906.011654519,0.0507022434754244,"Fresh"
1907.011654519,0.0498600992068571,"Fresh"
1908.011654519,0.0491255695516228,"Fresh"
1909.011654519,0.0484733238879163,"Fresh"
1910.011654519,0.0479095725651341,"Fresh"
1911.011654519,0.0474155642324991,"Fresh"
1912.011654519,0.0469869845391867,"Fresh"
1913.011654519,0.046628054794614,"Fresh"
1914.011654519,0.0463091414724395,"Fresh"
1915.011654519,0.04602960353622,"Fresh"
1916.011654519,0.0457992326290524,"Fresh"
1917.011654519,0.0456058913881822,"Fresh"
1918.011654519,0.0454397464633758,"Fresh"
1919.011654519,0.0453139134912837,"Fresh"
1920.011654519,0.0452163677827787,"Fresh"
1921.011654519,0.0451402377323713,"Fresh"
1922.011654519,0.0450908889102305,"Fresh"
1923.011654519,0.0450664939643508,"Fresh"
1924.011654519,0.0450597580722221,"Fresh"
1925.011654519,0.0450782508705094,"Fresh"
1926.011654519,0.0451080346203024,"Fresh"
1927.011654519,0.0451530065667231,"Fresh"
1928.011654519,0.0452198777524762,"Fresh"
1929.011654519,0.0452997885531877,"Fresh"
1930.011654519,0.0454038994603356,"Fresh"
1931.011654519,0.0455333253806237,"Fresh"
1932.011654519,0.0456685213344642,"Fresh"
1933.011654519,0.0458053018315666,"Fresh"
1934.011654519,0.0459578406553033,"Fresh"
1935.011654519,0.046127580362616,"Fresh"
1936.011654519,0.0463032808064,"Fresh"
1937.011654519,0.0464989994434821,"Fresh"
1938.011654519,0.0467172073276469,"Fresh"
1939.011654519,0.0469503994639575,"Fresh"
1940.011654519,0.0471867815425146,"Fresh"
1941.011654519,0.0474330270827041,"Fresh"
1942.011654519,0.0476936898884268,"Fresh"
1943.011654519,0.0479685029175663,"Fresh"
1944.011654519,0.0482587903683729,"Fresh"
1945.011654519,0.0485629132879002,"Fresh"
1946.011654519,0.048876941603589,"Fresh"
1947.011654519,0.0492057611905815,"Fresh"
1948.011654519,0.0495407329663484,"Fresh"
1949.011654519,0.0498826008213174,"Fresh"
1950.011654519,0.0502397487066744,"Fresh"
1951.011654519,0.0506067986969507,"Fresh"
1952.011654519,0.0509843511975526,"Fresh"
1953.011654519,0.0513770700998582,"Fresh"
1954.011654519,0.0517826430661519,"Fresh"
1955.011654519,0.0521972525116887,"Fresh"
1956.011654519,0.0526232941922952,"Fresh"
1957.011654519,0.0530618625411021,"Fresh"
1958.011654519,0.053514097665586,"Fresh"
1959.011654519,0.0539719540770544,"Fresh"
1960.011654519,0.0544372701863251,"Fresh"
1961.011654519,0.0549199802111093,"Fresh"
1962.011654519,0.0554134237909781,"Fresh"
1963.011654519,0.0559180356166292,"Fresh"
1964.011654519,0.0564445210319857,"Fresh"
1965.011654519,0.0569794193616376,"Fresh"
1966.011654519,0.0575256014310662,"Fresh"
1967.011654519,0.0580910124561748,"Fresh"
1968.011654519,0.0586598814283423,"Fresh"
1969.011654519,0.0592339502025796,"Fresh"
1970.011654519,0.0598282554011434,"Fresh"
1971.011654519,0.0604351343676635,"Fresh"
1972.011654519,0.0610518003156874,"Fresh"
1973.011654519,0.0616828295315764,"Fresh"
1974.011654519,0.0623313913571173,"Fresh"
1975.011654519,0.0629806790952119,"Fresh"
1976.011654519,0.063642510150862,"Fresh"
1977.011654519,0.0643230868379196,"Fresh"
1978.011654519,0.0650117468451042,"Fresh"
1979.011654519,0.0657178113159479,"Fresh"
1980.011654519,0.0664403415023267,"Fresh"
1981.011654519,0.0671698086969917,"Fresh"
1982.011654519,0.0679162840522584,"Fresh"
1983.011654519,0.0686613433158714,"Fresh"
1984.011654519,0.0694100058849645,"Fresh"
1985.011654519,0.0701711388437661,"Fresh"
1986.011654519,0.0709357230944423,"Fresh"
1987.011654519,0.0717088390955072,"Fresh"
1988.011654519,0.0725098822717457,"Fresh"
1989.011654519,0.0733192429241069,"Fresh"
1990.011654519,0.0741436006554628,"Fresh"
1991.011654519,0.0749811945443799,"Fresh"
1992.011654519,0.0758148569170262,"Fresh"
1993.011654519,0.0766554245283344,"Fresh"
1994.011654519,0.0774957528931255,"Fresh"
1995.011654519,0.0783260606430464,"Fresh"
1996.011654519,0.0791819590488342,"Fresh"
1997.011654519,0.0800504983124898,"Fresh"
1998.011654519,0.0809239895762961,"Fresh"
1999.011654519,0.0818150237464078,"Fresh"
2000.011654519,0.0827132608194398,"Fresh"
2001.011654519,0.0835938022665449,"Fresh"
2002.011654519,0.0844869860533485,"Fresh"
2003.011654519,0.0853809777576066,"Fresh"
2004.011654519,0.0862681880423072,"Fresh"
2005.011654519,0.0871704725399369,"Fresh"
2006.011654519,0.0880852895540422,"Fresh"
2007.011654519,0.0889961795960196,"Fresh"
2008.011654519,0.089918778036023,"Fresh"
2009.011654519,0.0908340600769056,"Fresh"
2010.011654519,0.0917499200618046,"Fresh"
2011.011654519,0.0926603356193408,"Fresh"
2012.011654519,0.0935681532143553,"Fresh"
2013.011654519,0.0944647740490167,"Fresh"
2014.011654519,0.0953682546092459,"Fresh"
2015.011654519,0.096270967607641,"Fresh"
2016.011654519,0.097187715394873,"Fresh"
2017.011654519,0.0981078052010815,"Fresh"
2018.011654519,0.0990116903015382,"Fresh"
2019.011654519,0.0999108103742425,"Fresh"
2020.011654519,0.100807323688855,"Fresh"
2021.011654519,0.101689865589753,"Fresh"
2022.011654519,0.102574250346329,"Fresh"
2023.011654519,0.10346101558317,"Fresh"
2024.011654519,0.104343277920807,"Fresh"
2025.011654519,0.105224316493587,"Fresh"
2026.011654519,0.106095764381208,"Fresh"
2027.011654519,0.106964399938021,"Fresh"
2028.011654519,0.107829075466653,"Fresh"
2029.011654519,0.10866984467521,"Fresh"
2030.011654519,0.109516041199937,"Fresh"
2031.011654519,0.110358037409881,"Fresh"
2032.011654519,0.111194903952034,"Fresh"
2033.011654519,0.112025340904006,"Fresh"
2034.011654519,0.112861496470243,"Fresh"
2035.011654519,0.113674909758721,"Fresh"
2036.011654519,0.114471724193192,"Fresh"
2037.011654519,0.115269517516432,"Fresh"
2038.011654519,0.116055546570441,"Fresh"
2039.011654519,0.116836138113186,"Fresh"
2040.011654519,0.117623611803747,"Fresh"
2041.011654519,0.118391266298622,"Fresh"
2042.011654519,0.119158697811716,"Fresh"
2043.011654519,0.119919722241881,"Fresh"
2044.011654519,0.120672151540662,"Fresh"
2045.011654519,0.121420273213533,"Fresh"
2046.011654519,0.122160509921772,"Fresh"
2047.011654519,0.122885249119754,"Fresh"
2048.011654519,0.123616187191281,"Fresh"
2049.011654519,0.12434304495458,"Fresh"
2050.011654519,0.125070500106804,"Fresh"
2051.011654519,0.1258033332248,"Fresh"
2052.011654519,0.126527158638882,"Fresh"
2053.011654519,0.127245872612841,"Fresh"
2054.011654519,0.127962287203117,"Fresh"
2055.011654519,0.128673173162152,"Fresh"
2056.011654519,0.129382070148936,"Fresh"
2057.011654519,0.130097018339085,"Fresh"
2058.011654519,0.130816633944934,"Fresh"
2059.011654519,0.131532441694376,"Fresh"
2060.011654519,0.132250780568328,"Fresh"
2061.011654519,0.132964204415156,"Fresh"
2062.011654519,0.133678953361975,"Fresh"
2063.011654519,0.134383869756249,"Fresh"
2064.011654519,0.135073949575016,"Fresh"
2065.011654519,0.135778576654849,"Fresh"
2066.011654519,0.136484077867033,"Fresh"
2067.011654519,0.137189188882334,"Fresh"
2068.011654519,0.137904802300397,"Fresh"
2069.011654519,0.138621312253286,"Fresh"
2070.011654519,0.139311582826725,"Fresh"
2071.011654519,0.140006027380092,"Fresh"
2072.011654519,0.140703828402612,"Fresh"
2073.011654519,0.14139435144636,"Fresh"
2074.011654519,0.142094104794443,"Fresh"
2075.011654519,0.142808257590118,"Fresh"
2076.011654519,0.143507839216004,"Fresh"
2077.011654519,0.144206737035754,"Fresh"
2078.011654519,0.144897671196641,"Fresh"
2079.011654519,0.145577473055885,"Fresh"
2080.011654519,0.146261395119501,"Fresh"
2081.011654519,0.146940824017098,"Fresh"
2082.011654519,0.147619994395994,"Fresh"
2083.011654519,0.148301429027895,"Fresh"
2084.011654519,0.148980908149378,"Fresh"
2085.011654519,0.149652734169847,"Fresh"
2086.011654519,0.150330409238043,"Fresh"
2087.011654519,0.150997549968582,"Fresh"
2088.011654519,0.151656906138987,"Fresh"
2089.011654519,0.152322594611518,"Fresh"
2090.011654519,0.152987472568244,"Fresh"
2091.011654519,0.153645992559784,"Fresh"
2092.011654519,0.154309484832189,"Fresh"
2093.011654519,0.154962460893502,"Fresh"
2094.011654519,0.155600049088682,"Fresh"
2095.011654519,0.156245443996295,"Fresh"
2096.011654519,0.156894391038917,"Fresh"
2097.011654519,0.157537690025067,"Fresh"
2098.011654519,0.158181398839915,"Fresh"
2099.011654519,0.158818395154223,"Fresh"
2100.011654519,0.159453154542022,"Fresh"
2101.011654519,0.16008371256469,"Fresh"
2102.011654519,0.160714118679269,"Fresh"
2103.011654519,0.161343035666718,"Fresh"
2104.011654519,0.161963940755742,"Fresh"
2105.011654519,0.162581907333302,"Fresh"
2106.011654519,0.163192470706103,"Fresh"
2107.011654519,0.163790196088515,"Fresh"
2108.011654519,0.164396431113341,"Fresh"
2109.011654519,0.16500266463405,"Fresh"
2110.011654519,0.165604974353984,"Fresh"
2111.011654519,0.166214943170893,"Fresh"
2112.011654519,0.166810527506922,"Fresh"
2113.011654519,0.167398959892899,"Fresh"
2114.011654519,0.167981281246575,"Fresh"
2115.011654519,0.16855454519647,"Fresh"
2116.011654519,0.169117822988059,"Fresh"
2117.011654519,0.169692363156383,"Fresh"
2118.011654519,0.170258166514502,"Fresh"
2119.011654519,0.17081985176731,"Fresh"
2120.011654519,0.171393260496819,"Fresh"
2121.011654519,0.171951791289581,"Fresh"
2122.011654519,0.172499294628901,"Fresh"
2123.011654519,0.173047705363783,"Fresh"
2124.011654519,0.173591471503891,"Fresh"
2125.011654519,0.174136697174432,"Fresh"
2126.011654519,0.174677756723429,"Fresh"
2127.011654519,0.175223489396723,"Fresh"
2128.011654519,0.175773973211516,"Fresh"
2129.011654519,0.176316780533465,"Fresh"
2130.011654519,0.176856766095475,"Fresh"
2131.011654519,0.177400420438727,"Fresh"
2132.011654519,0.177940436178483,"Fresh"
2133.011654519,0.178482716717379,"Fresh"
2134.011654519,0.179034749963169,"Fresh"
2135.011654519,0.17957396485672,"Fresh"
2136.011654519,0.18011293605104,"Fresh"
2137.011654519,0.180652474397874,"Fresh"
2138.011654519,0.181186682621952,"Fresh"
2139.011654519,0.181716384834564,"Fresh"
2140.011654519,0.182248365504735,"Fresh"
2141.011654519,0.182780885955101,"Fresh"
2142.011654519,0.183305112347289,"Fresh"
2143.011654519,0.183821095481256,"Fresh"
2144.011654519,0.184346494253228,"Fresh"
2145.011654519,0.184872118327075,"Fresh"
2146.011654519,0.185393415028765,"Fresh"
2147.011654519,0.18592250908647,"Fresh"
2148.011654519,0.186446315016332,"Fresh"
2149.011654519,0.186959970854148,"Fresh"
2150.011654519,0.187475046027674,"Fresh"
2151.011654519,0.187997838929843,"Fresh"
2152.011654519,0.188508175197463,"Fresh"
2153.011654519,0.189010436854423,"Fresh"
2154.011654519,0.189509317249394,"Fresh"
2155.011654519,0.190000996796966,"Fresh"
2156.011654519,0.190496142926247,"Fresh"
2157.011654519,0.190978403048186,"Fresh"
2158.011654519,0.191452995024001,"Fresh"
2159.011654519,0.19192546987004,"Fresh"
2160.011654519,0.19239324335814,"Fresh"
2161.011654519,0.192849743875564,"Fresh"
2162.011654519,0.193298417148911,"Fresh"
2163.011654519,0.19374730299077,"Fresh"
2164.011654519,0.194187341675284,"Fresh"
2165.011654519,0.194624400885712,"Fresh"
2166.011654519,0.195055203839741,"Fresh"
2167.011654519,0.195495052170061,"Fresh"
2168.011654519,0.195935405003254,"Fresh"
2169.011654519,0.196369930790417,"Fresh"
2170.011654519,0.196818347902585,"Fresh"
2171.011654519,0.197250349823332,"Fresh"
2172.011654519,0.197657971118743,"Fresh"
2173.011654519,0.198078949173885,"Fresh"
2174.011654519,0.198509133052912,"Fresh"
2175.011654519,0.198926249267068,"Fresh"
2176.011654519,0.199353939739202,"Fresh"
2177.011654519,0.199786668374246,"Fresh"
2178.011654519,0.200224437032037,"Fresh"
2179.011654519,0.200667698591177,"Fresh"
2180.011654519,0.201104910728788,"Fresh"
2181.011654519,0.201548814238282,"Fresh"
2182.011654519,0.201985912233116,"Fresh"
2183.011654519,0.202408249309135,"Fresh"
2184.011654519,0.202847125682296,"Fresh"
2185.011654519,0.203307590943583,"Fresh"
2186.011654519,0.203742124114165,"Fresh"
2187.011654519,0.204171105112407,"Fresh"
2188.011654519,0.204593482267391,"Fresh"
2189.011654519,0.204995341197167,"Fresh"
2190.011654519,0.205403146394118,"Fresh"
2191.011654519,0.205821442074078,"Fresh"
2192.011654519,0.206224636934553,"Fresh"
2193.011654519,0.20662793270018,"Fresh"
2194.011654519,0.207003461743295,"Fresh"
2195.011654519,0.207374785424456,"Fresh"
2196.011654519,0.20774742441144,"Fresh"
2197.011654519,0.208099948355362,"Fresh"
2198.011654519,0.208454588130368,"Fresh"
2199.011654519,0.208812392715146,"Fresh"
2200.011654519,0.20915210639643,"Fresh"
2201.011654519,0.209491943639123,"Fresh"
2202.011654519,0.209837279343948,"Fresh"
2203.011654519,0.210161567663217,"Fresh"
2204.011654519,0.210474143902957,"Fresh"
2205.011654519,0.210770442440316,"Fresh"
2206.011654519,0.211048479907332,"Fresh"
2207.011654519,0.211322212191509,"Fresh"
2208.011654519,0.211584154848966,"Fresh"
2209.011654519,0.211837056641953,"Fresh"
2210.011654519,0.212090758822343,"Fresh"
2211.011654519,0.212315606146219,"Fresh"
2212.011654519,0.212522073105189,"Fresh"
2213.011654519,0.21270989854802,"Fresh"
2214.011654519,0.212871667881214,"Fresh"
2215.011654519,0.21302150918913,"Fresh"
2216.011654519,0.213157922127573,"Fresh"
2217.011654519,0.213273522954428,"Fresh"
2218.011654519,0.213370116781391,"Fresh"
2219.011654519,0.213455936269813,"Fresh"
2220.011654519,0.21350849191288,"Fresh"
2221.011654519,0.213533557141095,"Fresh"
2222.011654519,0.213528333709955,"Fresh"
2223.011654519,0.213490981305314,"Fresh"
2224.011654519,0.213442721741589,"Fresh"
2225.011654519,0.213366906685743,"Fresh"
2226.011654519,0.213260392656669,"Fresh"
2227.011654519,0.213138932456358,"Fresh"
2228.011654519,0.212964530384147,"Fresh"
2229.011654519,0.212741424409412,"Fresh"
2230.011654519,0.212502321400647,"Fresh"
2231.011654519,0.21223020030125,"Fresh"
2232.011654519,0.211921545865989,"Fresh"
2233.011654519,0.211584656867769,"Fresh"
2234.011654519,0.211215280294784,"Fresh"
2235.011654519,0.21080607086221,"Fresh"
2236.011654519,0.21036360636744,"Fresh"
2237.011654519,0.209886419068191,"Fresh"
2238.011654519,0.209387838229586,"Fresh"
2239.011654519,0.208848633754902,"Fresh"
2240.011654519,0.20828848236181,"Fresh"
2241.011654519,0.207707694734654,"Fresh"
2242.011654519,0.20709873409021,"Fresh"
2243.011654519,0.206448980755802,"Fresh"
2244.011654519,0.205796839406628,"Fresh"
2245.011654519,0.205108454554833,"Fresh"
2246.011654519,0.204408357168366,"Fresh"
2247.011654519,0.203712834117791,"Fresh"
2248.011654519,0.202995656752489,"Fresh"
2249.011654519,0.202284207789185,"Fresh"
2250.011654519,0.20157180075664,"Fresh"
2251.011654519,0.200818817726723,"Fresh"
2252.011654519,0.200046815624181,"Fresh"
2253.011654519,0.199275397157425,"Fresh"
2254.011654519,0.19849998933362,"Fresh"
2255.011654519,0.197732596023011,"Fresh"
2256.011654519,0.196975901534393,"Fresh"
2257.011654519,0.196205147492161,"Fresh"
2258.011654519,0.195434521579178,"Fresh"
2259.011654519,0.194650234024531,"Fresh"
2260.011654519,0.19385161724808,"Fresh"
2261.011654519,0.193065095837383,"Fresh"
2262.011654519,0.192266019924637,"Fresh"
2263.011654519,0.191480254421248,"Fresh"
2264.011654519,0.190713448771529,"Fresh"
2265.011654519,0.189929329758848,"Fresh"
2266.011654519,0.189144838973849,"Fresh"
2267.011654519,0.188357570828284,"Fresh"
2268.011654519,0.187555683062105,"Fresh"
2269.011654519,0.186762331753889,"Fresh"
2270.011654519,0.185976624201617,"Fresh"
2271.011654519,0.185185824402631,"Fresh"
2272.011654519,0.18439399293872,"Fresh"
2273.011654519,0.183599353671831,"Fresh"
2274.011654519,0.182792652558903,"Fresh"
2275.011654519,0.18200116609845,"Fresh"
2276.011654519,0.181207447249557,"Fresh"
2277.011654519,0.180439238219853,"Fresh"
2278.011654519,0.179681554979065,"Fresh"
2279.011654519,0.178922089021439,"Fresh"
2280.011654519,0.178186545339621,"Fresh"
2281.011654519,0.177461461584184,"Fresh"
2282.011654519,0.176743967820635,"Fresh"
2283.011654519,0.176043931787637,"Fresh"
2284.011654519,0.17536045002031,"Fresh"
2285.011654519,0.174683905759241,"Fresh"
2286.011654519,0.174006570122133,"Fresh"
2287.011654519,0.173355861103286,"Fresh"
2288.011654519,0.172734293686471,"Fresh"
2289.011654519,0.172103163173803,"Fresh"
2290.011654519,0.171465658886352,"Fresh"
2291.011654519,0.170830774708169,"Fresh"
2292.011654519,0.170180862992924,"Fresh"
2293.011654519,0.169497861859286,"Fresh"
2294.011654519,0.168833146778634,"Fresh"
2295.011654519,0.168177897795049,"Fresh"
2296.011654519,0.167508810798276,"Fresh"
2297.011654519,0.166833657965744,"Fresh"
2298.011654519,0.166149768293881,"Fresh"
2299.011654519,0.165469308195804,"Fresh"
2300.011654519,0.164762704559913,"Fresh"
2301.011654519,0.164040322792728,"Fresh"
2302.011654519,0.163298316814452,"Fresh"
2303.011654519,0.162525643820375,"Fresh"
2304.011654519,0.161770273762579,"Fresh"
2305.011654519,0.161001352057921,"Fresh"
2306.011654519,0.16023869969325,"Fresh"
2307.011654519,0.159492650896087,"Fresh"
2308.011654519,0.15872949879484,"Fresh"
2309.011654519,0.157960294387152,"Fresh"
2310.011654519,0.157191414622887,"Fresh"
2311.011654519,0.156401701848578,"Fresh"
2312.011654519,0.155642965759774,"Fresh"
2313.011654519,0.154901867400293,"Fresh"
2314.011654519,0.15416208093884,"Fresh"
2315.011654519,0.153445559786521,"Fresh"
2316.011654519,0.152722835932299,"Fresh"
2317.011654519,0.151986213977913,"Fresh"
2318.011654519,0.15127793142681,"Fresh"
2319.011654519,0.150579027499678,"Fresh"
2320.011654519,0.14988690800307,"Fresh"
2321.011654519,0.149223098297244,"Fresh"
2322.011654519,0.148536876146768,"Fresh"
2323.011654519,0.147869982185807,"Fresh"
2324.011654519,0.147232527736393,"Fresh"
2325.011654519,0.146553010043807,"Fresh"
2326.011654519,0.145868991657738,"Fresh"
2327.011654519,0.145199913196813,"Fresh"
2328.011654519,0.144521474604471,"Fresh"
2329.011654519,0.143869778157996,"Fresh"
2330.011654519,0.143266687080705,"Fresh"
2331.011654519,0.142667472269531,"Fresh"
2332.011654519,0.142068617596526,"Fresh"
2333.011654519,0.141497883372372,"Fresh"
2334.011654519,0.140910967925567,"Fresh"
2335.011654519,0.14029791480269,"Fresh"
2336.011654519,0.139722539709969,"Fresh"
2337.011654519,0.139151606260048,"Fresh"
2338.011654519,0.138546248087385,"Fresh"
2339.011654519,0.1379709923178,"Fresh"
2340.011654519,0.137382018876364,"Fresh"
2341.011654519,0.13674903683865,"Fresh"
2342.011654519,0.136157522538077,"Fresh"
2343.011654519,0.135563931080147,"Fresh"
2344.011654519,0.134940698715507,"Fresh"
2345.011654519,0.134333884587995,"Fresh"
2346.011654519,0.133721886553823,"Fresh"
2347.011654519,0.13312588124429,"Fresh"
2348.011654519,0.13251909125139,"Fresh"
2349.011654519,0.131874290827801,"Fresh"
2350.011654519,0.131242848802682,"Fresh"
2351.011654519,0.130609115628092,"Fresh"
2352.011654519,0.12994516066141,"Fresh"
2353.011654519,0.129314765186233,"Fresh"
2354.011654519,0.128718809055701,"Fresh"
2355.011654519,0.12809081740596,"Fresh"
2356.011654519,0.127458583925243,"Fresh"
2357.011654519,0.126825151049279,"Fresh"
2358.011654519,0.12617186798834,"Fresh"
2359.011654519,0.125555333654799,"Fresh"
2360.011654519,0.124953369925528,"Fresh"
2361.011654519,0.12434547385307,"Fresh"
2362.011654519,0.123752223704495,"Fresh"
2363.011654519,0.123156301236806,"Fresh"
2364.011654519,0.122565543889886,"Fresh"
2365.011654519,0.121968741434221,"Fresh"
2366.011654519,0.121391540420927,"Fresh"
2367.011654519,0.120774483576826,"Fresh"
2368.011654519,0.120104488435416,"Fresh"
2369.011654519,0.119478251549985,"Fresh"
2370.011654519,0.118859134324183,"Fresh"
2371.011654519,0.118243288084556,"Fresh"
2372.011654519,0.117667160953929,"Fresh"
2373.011654519,0.117044127027872,"Fresh"
2374.011654519,0.116393164018718,"Fresh"
2375.011654519,0.115735567719942,"Fresh"
2376.011654519,0.115037656573873,"Fresh"
2377.011654519,0.114390171122144,"Fresh"
2378.011654519,0.113761933903472,"Fresh"
2379.011654519,0.113136031599503,"Fresh"
2380.011654519,0.112555898765582,"Fresh"
2381.011654519,0.111930904035109,"Fresh"
2382.011654519,0.111270660299373,"Fresh"
2383.011654519,0.110630568222723,"Fresh"
2384.011654519,0.109984189512338,"Fresh"
2385.011654519,0.109340698924193,"Fresh"
2386.011654519,0.108710014372951,"Fresh"
2387.011654519,0.108059515592963,"Fresh"
2388.011654519,0.107401495500522,"Fresh"
2389.011654519,0.106736792433274,"Fresh"
2390.011654519,0.106063202170043,"Fresh"
2391.011654519,0.105394845194459,"Fresh"
2392.011654519,0.104729521166171,"Fresh"
2393.011654519,0.104030346337483,"Fresh"
2394.011654519,0.103344333675659,"Fresh"
2395.011654519,0.102656747895977,"Fresh"
2396.011654519,0.101960056377817,"Fresh"
2397.011654519,0.101286192204151,"Fresh"
2398.011654519,0.100608615734548,"Fresh"
2399.011654519,0.0999238976671373,"Fresh"
2400.011654519,0.0992200830592189,"Fresh"
2401.011654519,0.0985261876220493,"Fresh"
2402.011654519,0.0978491009499409,"Fresh"
2403.011654519,0.097168952785853,"Fresh"
2404.011654519,0.0965013777178099,"Fresh"
2405.011654519,0.0958087067157069,"Fresh"
2406.011654519,0.0951044523795081,"Fresh"
2407.011654519,0.0944261201202749,"Fresh"
2408.011654519,0.0937647711389513,"Fresh"
2409.011654519,0.0931167449829814,"Fresh"
2410.011654519,0.092463852581682,"Fresh"
2411.011654519,0.0917980078554199,"Fresh"
2412.011654519,0.0911337048865202,"Fresh"
2413.011654519,0.0904603898434964,"Fresh"
2414.011654519,0.0897514588702974,"Fresh"
2415.011654519,0.0890447077714644,"Fresh"
2416.011654519,0.0883555658689412,"Fresh"
2417.011654519,0.0876662944832934,"Fresh"
2418.011654519,0.0870314777700217,"Fresh"
2419.011654519,0.0863979816178998,"Fresh"
2420.011654519,0.0857270006534635,"Fresh"
2421.011654519,0.0850663929538646,"Fresh"
2422.011654519,0.0843630872835859,"Fresh"
2423.011654519,0.0836496557822121,"Fresh"
2424.011654519,0.0829663449577552,"Fresh"
2425.011654519,0.082306200767327,"Fresh"
2426.011654519,0.0816707622220265,"Fresh"
2427.011654519,0.0810339973083766,"Fresh"
2428.011654519,0.080464240761631,"Fresh"
2429.011654519,0.0798713722710252,"Fresh"
2430.011654519,0.0792296269513564,"Fresh"
2431.011654519,0.0786290767891054,"Fresh"
2432.011654519,0.0779431157741917,"Fresh"
2433.011654519,0.0772872312951002,"Fresh"
2434.011654519,0.0767098134581461,"Fresh"
2435.011654519,0.0760762568292415,"Fresh"
2436.011654519,0.0755255352660992,"Fresh"
2437.011654519,0.0749953960894427,"Fresh"
2438.011654519,0.0744094677323854,"Fresh"
2439.011654519,0.0738770788012897,"Fresh"
2440.011654519,0.0732849675566629,"Fresh"
2441.011654519,0.0727136470807261,"Fresh"
2442.011654519,0.0721492453709564,"Fresh"
2443.011654519,0.0715995377591273,"Fresh"
2444.011654519,0.0710817100933242,"Fresh"
2445.011654519,0.0705671919634903,"Fresh"
2446.011654519,0.0700535377049492,"Fresh"
2447.011654519,0.0695453636924193,"Fresh"
2448.011654519,0.0689993161168643,"Fresh"
2449.011654519,0.0684362323577079,"Fresh"
2450.011654519,0.0679055105342692,"Fresh"
2451.011654519,0.0673165146449464,"Fresh"
2452.011654519,0.0667675344512352,"Fresh"
2453.011654519,0.0662797456220351,"Fresh"
2454.011654519,0.0657812312200757,"Fresh"
2455.011654519,0.0653317716596769,"Fresh"
2456.011654519,0.0649233416029714,"Fresh"
2457.011654519,0.0644453215497397,"Fresh"
2458.011654519,0.0639556280989795,"Fresh"
2459.011654519,0.0634888070750979,"Fresh"
2460.011654519,0.062969728541324,"Fresh"
2461.011654519,0.0625068098446856,"Fresh"
2462.011654519,0.0620815627049685,"Fresh"
2463.011654519,0.0616784247896008,"Fresh"
2464.011654519,0.0613317956735559,"Fresh"
2465.011654519,0.0609016219793855,"Fresh"
2466.011654519,0.0604369468327417,"Fresh"
2467.011654519,0.0600830296963831,"Fresh"
2468.011654519,0.0597203778546807,"Fresh"
2469.011654519,0.0592629098985871,"Fresh"
2470.011654519,0.0588692354571418,"Fresh"
2471.011654519,0.0584787390139997,"Fresh"
2472.011654519,0.0580572152946493,"Fresh"
2473.011654519,0.0577747418128685,"Fresh"
2474.011654519,0.0575144711424939,"Fresh"
2475.011654519,0.0571279990057706,"Fresh"
2476.011654519,0.0567767332319799,"Fresh"
2477.011654519,0.0565061509161257,"Fresh"
2478.011654519,0.0561889551042036,"Fresh"
2479.011654519,0.0558986433205489,"Fresh"
2480.011654519,0.0556546536801861,"Fresh"
2481.011654519,0.0553827998755874,"Fresh"
2482.011654519,0.0550494164174082,"Fresh"
2483.011654519,0.0547753749619747,"Fresh"
2484.011654519,0.054572048035991,"Fresh"
2485.011654519,0.0542223332063024,"Fresh"
2486.011654519,0.0539369305811889,"Fresh"
2487.011654519,0.0537857416173403,"Fresh"
2488.011654519,0.0535291939341555,"Fresh"
2489.011654519,0.0532959368024775,"Fresh"
2490.011654519,0.053127986627007,"Fresh"
2491.011654519,0.052872629358945,"Fresh"
2492.011654519,0.052564457844148,"Fresh"
2493.011654519,0.0523291388203536,"Fresh"
2494.011654519,0.0521494561733329,"Fresh"
2495.011654519,0.0520388494551803,"Fresh"
2496.011654519,0.0519488997761745,"Fresh"
2497.011654519,0.0518024017193259,"Fresh"
2498.011654519,0.0518247045020841,"Fresh"
2499.011654519,0.0518161966707898,"Fresh"
2500.011654519,0.0516044591852961,"Fresh"
